id,target
0,10
1,14
2,15
3,17
4,5
5,4
6,1
7,6
8,3
9,12
10,15
11,10
12,7
13,16
14,4
15,17
16,0
17,12
18,13
19,12
20,18
21,11
22,14
23,15
24,5
25,14
26,7
27,18
28,13
29,17
30,16
31,1
32,4
33,17
34,0
35,1
36,9
37,17
38,13
39,8
40,17
41,16
42,10
43,1
44,10
45,6
46,2
47,16
48,2
49,16
50,12
51,3
52,0
53,7
54,10
55,8
56,0
57,9
58,16
59,13
60,4
61,17
62,2
63,6
64,19
65,7
66,12
67,3
68,15
69,7
70,15
71,14
72,10
73,11
74,7
75,1
76,16
77,0
78,17
79,14
80,7
81,10
82,12
83,14
84,15
85,3
86,19
87,15
88,1
89,3
90,15
91,13
92,13
93,15
94,6
95,0
96,10
97,7
98,4
99,3
100,10
101,15
102,10
103,7
104,14
105,15
106,12
107,12
108,3
109,11
110,16
111,5
112,7
113,0
114,13
115,13
116,10
117,6
118,1
119,9
120,5
121,10
122,6
123,11
124,4
125,9
126,15
127,6
128,6
129,13
130,13
131,10
132,7
133,16
134,10
135,6
136,15
137,10
138,17
139,0
140,4
141,9
142,6
143,15
144,15
145,15
146,7
147,10
148,6
149,13
150,12
151,7
152,2
153,17
154,7
155,15
156,6
157,1
158,6
159,9
160,12
161,17
162,13
163,15
164,9
165,5
166,10
167,17
168,14
169,15
170,10
171,12
172,4
173,15
174,5
175,8
176,12
177,5
178,7
179,7
180,3
181,18
182,7
183,2
184,11
185,2
186,4
187,6
188,3
189,10
190,5
191,1
192,4
193,7
194,3
195,13
196,14
197,17
198,1
199,9
200,5
201,19
202,0
203,9
204,17
205,17
206,6
207,1
208,5
209,3
210,7
211,3
212,18
213,15
214,16
215,1
216,8
217,15
218,15
219,10
220,14
221,11
222,7
223,14
224,1
225,6
226,14
227,14
228,15
229,16
230,12
231,10
232,9
233,9
234,16
235,5
236,13
237,8
238,10
239,14
240,17
241,5
242,8
243,1
244,2
245,3
246,17
247,4
248,6
249,7
250,1
251,12
252,18
253,6
254,17
255,10
256,1
257,2
258,10
259,9
260,7
261,15
262,15
263,2
264,18
265,11
266,19
267,16
268,11
269,14
270,19
271,4
272,15
273,17
274,6
275,12
276,17
277,5
278,2
279,12
280,13
281,3
282,10
283,4
284,11
285,1
286,9
287,15
288,15
289,6
290,0
291,15
292,1
293,5
294,7
295,6
296,12
297,9
298,12
299,5
300,16
301,11
302,12
303,10
304,11
305,19
306,18
307,16
308,8
309,14
310,9
311,18
312,3
313,4
314,0
315,19
316,4
317,7
318,8
319,7
320,2
321,6
322,15
323,13
324,19
325,2
326,11
327,2
328,8
329,13
330,8
331,1
332,5
333,1
334,1
335,17
336,18
337,4
338,5
339,2
340,4
341,10
342,3
343,19
344,8
345,18
346,7
347,9
348,2
349,3
350,11
351,12
352,13
353,4
354,3
355,6
356,15
357,4
358,9
359,18
360,14
361,0
362,3
363,11
364,11
365,15
366,4
367,14
368,17
369,14
370,11
371,14
372,1
373,1
374,4
375,17
376,4
377,3
378,9
379,5
380,3
381,16
382,9
383,6
384,17
385,5
386,7
387,11
388,2
389,10
390,5
391,18
392,16
393,9
394,14
395,17
396,7
397,5
398,9
399,7
400,7
401,13
402,7
403,15
404,1
405,17
406,19
407,5
408,14
409,2
410,1
411,3
412,11
413,8
414,17
415,3
416,16
417,8
418,3
419,6
420,15
421,5
422,15
423,6
424,12
425,2
426,10
427,10
428,13
429,15
430,8
431,3
432,15
433,11
434,11
435,17
436,17
437,3
438,17
439,13
440,17
441,2
442,6
443,15
444,0
445,1
446,3
447,15
448,7
449,6
450,18
451,17
452,9
453,4
454,5
455,14
456,6
457,2
458,6
459,4
460,8
461,6
462,6
463,18
464,15
465,3
466,15
467,1
468,3
469,15
470,15
471,0
472,6
473,9
474,15
475,3
476,13
477,10
478,16
479,1
480,6
481,5
482,4
483,11
484,16
485,15
486,16
487,1
488,3
489,2
490,1
491,12
492,16
493,11
494,2
495,0
496,3
497,6
498,19
499,2
500,17
501,1
502,15
503,9
504,15
505,11
506,6
507,15
508,6
509,0
510,10
511,15
512,4
513,13
514,17
515,5
516,8
517,19
518,18
519,7
520,12
521,7
522,17
523,15
524,4
525,7
526,1
527,13
528,16
529,3
530,11
531,3
532,17
533,17
534,17
535,5
536,1
537,6
538,13
539,12
540,9
541,2
542,13
543,15
544,14
545,8
546,15
547,3
548,1
549,10
550,5
551,9
552,9
553,6
554,12
555,16
556,6
557,16
558,15
559,12
560,10
561,4
562,7
563,5
564,10
565,2
566,3
567,0
568,10
569,16
570,5
571,16
572,6
573,12
574,15
575,11
576,8
577,5
578,11
579,18
580,1
581,7
582,17
583,10
584,4
585,11
586,19
587,14
588,6
589,10
590,8
591,10
592,15
593,0
594,15
595,9
596,8
597,3
598,0
599,14
600,4
601,8
602,19
603,5
604,18
605,3
606,19
607,19
608,16
609,11
610,9
611,13
612,1
613,11
614,6
615,1
616,8
617,12
618,7
619,4
620,2
621,14
622,17
623,2
624,14
625,11
626,10
627,8
628,14
629,18
630,15
631,10
632,8
633,11
634,1
635,6
636,10
637,1
638,19
639,2
640,11
641,18
642,16
643,10
644,6
645,9
646,10
647,3
648,4
649,1
650,10
651,12
652,17
653,10
654,18
655,10
656,7
657,6
658,3
659,4
660,2
661,0
662,16
663,13
664,12
665,4
666,2
667,7
668,10
669,9
670,4
671,19
672,16
673,9
674,2
675,13
676,4
677,1
678,7
679,5
680,4
681,2
682,17
683,0
684,4
685,7
686,2
687,4
688,2
689,2
690,9
691,5
692,6
693,1
694,16
695,0
696,13
697,10
698,10
699,1
700,12
701,4
702,13
703,8
704,13
705,5
706,9
707,5
708,8
709,11
710,15
711,10
712,11
713,12
714,17
715,15
716,12
717,9
718,15
719,7
720,1
721,18
722,1
723,15
724,2
725,3
726,15
727,0
728,18
729,11
730,7
731,6
732,11
733,14
734,4
735,8
736,7
737,0
738,1
739,12
740,17
741,13
742,13
743,13
744,7
745,1
746,11
747,12
748,12
749,16
750,18
751,18
752,7
753,19
754,12
755,7
756,7
757,14
758,2
759,9
760,15
761,11
762,3
763,17
764,6
765,4
766,3
767,3
768,11
769,0
770,14
771,7
772,4
773,4
774,11
775,5
776,12
777,11
778,13
779,9
780,12
781,9
782,11
783,13
784,5
785,9
786,5
787,7
788,11
789,1
790,10
791,4
792,17
793,1
794,18
795,15
796,9
797,17
798,5
799,18
800,8
801,5
802,15
803,1
804,14
805,2
806,18
807,7
808,3
809,8
810,9
811,9
812,9
813,7
814,13
815,4
816,14
817,6
818,1
819,1
820,3
821,17
822,4
823,2
824,10
825,1
826,4
827,4
828,4
829,14
830,9
831,12
832,16
833,1
834,12
835,11
836,1
837,13
838,19
839,8
840,15
841,12
842,3
843,10
844,11
845,15
846,14
847,15
848,14
849,9
850,8
851,4
852,15
853,1
854,3
855,15
856,5
857,11
858,5
859,16
860,9
861,5
862,8
863,8
864,1
865,15
866,2
867,16
868,6
869,6
870,16
871,18
872,15
873,11
874,16
875,4
876,15
877,0
878,6
879,17
880,14
881,14
882,12
883,7
884,6
885,11
886,6
887,11
888,14
889,6
890,18
891,18
892,10
893,15
894,13
895,16
896,3
897,6
898,18
899,18
900,6
901,4
902,13
903,15
904,13
905,9
906,8
907,15
908,14
909,3
910,4
911,6
912,7
913,12
914,2
915,4
916,15
917,0
918,1
919,14
920,7
921,5
922,3
923,2
924,14
925,8
926,16
927,0
928,2
929,5
930,15
931,17
932,12
933,10
934,15
935,5
936,13
937,2
938,17
939,17
940,8
941,12
942,15
943,16
944,1
945,19
946,0
947,17
948,17
949,14
950,17
951,5
952,1
953,8
954,14
955,15
956,14
957,12
958,3
959,3
960,7
961,10
962,11
963,17
964,17
965,14
966,5
967,11
968,9
969,2
970,13
971,12
972,7
973,1
974,7
975,5
976,8
977,18
978,2
979,4
980,10
981,5
982,1
983,7
984,4
985,11
986,0
987,10
988,6
989,5
990,17
991,11
992,14
993,8
994,5
995,15
996,13
997,10
998,8
999,4
1000,18
1001,9
1002,13
1003,17
1004,11
1005,15
1006,9
1007,11
1008,13
1009,4
1010,16
1011,15
1012,6
1013,0
1014,16
1015,4
1016,12
1017,17
1018,0
1019,18
1020,3
1021,9
1022,7
1023,15
1024,3
1025,6
1026,2
1027,10
1028,6
1029,16
1030,17
1031,0
1032,6
1033,4
1034,8
1035,14
1036,15
1037,8
1038,15
1039,13
1040,18
1041,12
1042,9
1043,11
1044,2
1045,16
1046,5
1047,13
1048,9
1049,6
1050,11
1051,2
1052,17
1053,4
1054,1
1055,17
1056,9
1057,6
1058,13
1059,16
1060,6
1061,16
1062,2
1063,17
1064,8
1065,7
1066,2
1067,3
1068,19
1069,3
1070,6
1071,14
1072,12
1073,6
1074,6
1075,3
1076,17
1077,7
1078,0
1079,1
1080,18
1081,1
1082,11
1083,11
1084,9
1085,9
1086,16
1087,16
1088,17
1089,6
1090,2
1091,18
1092,9
1093,14
1094,10
1095,16
1096,10
1097,15
1098,15
1099,5
1100,10
1101,0
1102,9
1103,13
1104,12
1105,0
1106,0
1107,11
1108,4
1109,5
1110,4
1111,7
1112,12
1113,9
1114,10
1115,18
1116,7
1117,12
1118,1
1119,8
1120,8
1121,1
1122,4
1123,4
1124,17
1125,2
1126,9
1127,1
1128,7
1129,15
1130,15
1131,2
1132,6
1133,10
1134,10
1135,8
1136,7
1137,13
1138,15
1139,5
1140,10
1141,1
1142,9
1143,6
1144,1
1145,2
1146,11
1147,18
1148,12
1149,7
1150,2
1151,6
1152,5
1153,6
1154,16
1155,17
1156,9
1157,18
1158,2
1159,6
1160,14
1161,4
1162,5
1163,17
1164,5
1165,16
1166,14
1167,12
1168,8
1169,16
1170,11
1171,5
1172,12
1173,4
1174,18
1175,9
1176,17
1177,7
1178,17
1179,9
1180,0
1181,7
1182,3
1183,9
1184,4
1185,3
1186,9
1187,11
1188,15
1189,11
1190,1
1191,12
1192,6
1193,14
1194,16
1195,2
1196,12
1197,14
1198,3
1199,7
1200,4
1201,2
1202,16
1203,16
1204,9
1205,9
1206,2
1207,8
1208,11
1209,9
1210,5
1211,3
1212,15
1213,15
1214,11
1215,3
1216,10
1217,5
1218,11
1219,10
1220,4
1221,15
1222,7
1223,5
1224,17
1225,0
1226,6
1227,7
1228,0
1229,8
1230,15
1231,10
1232,19
1233,18
1234,6
1235,5
1236,5
1237,11
1238,17
1239,7
1240,18
1241,2
1242,4
1243,4
1244,7
1245,7
1246,16
1247,8
1248,17
1249,17
1250,10
1251,6
1252,17
1253,17
1254,15
1255,13
1256,1
1257,5
1258,15
1259,5
1260,12
1261,6
1262,16
1263,8
1264,7
1265,15
1266,3
1267,6
1268,13
1269,14
1270,12
1271,11
1272,8
1273,11
1274,6
1275,12
1276,8
1277,18
1278,1
1279,0
1280,19
1281,4
1282,7
1283,15
1284,0
1285,13
1286,1
1287,11
1288,7
1289,11
1290,0
1291,3
1292,7
1293,15
1294,12
1295,17
1296,0
1297,6
1298,7
1299,15
1300,5
1301,13
1302,3
1303,6
1304,7
1305,18
1306,18
1307,10
1308,12
1309,1
1310,6
1311,3
1312,9
1313,18
1314,7
1315,11
1316,1
1317,11
1318,14
1319,0
1320,4
1321,13
1322,0
1323,11
1324,9
1325,15
1326,9
1327,1
1328,11
1329,7
1330,18
1331,13
1332,3
1333,14
1334,7
1335,7
1336,14
1337,5
1338,5
1339,5
1340,1
1341,16
1342,17
1343,15
1344,5
1345,8
1346,0
1347,12
1348,11
1349,15
1350,1
1351,10
1352,0
1353,7
1354,3
1355,4
1356,13
1357,2
1358,17
1359,7
1360,9
1361,4
1362,10
1363,16
1364,7
1365,2
1366,2
1367,16
1368,6
1369,8
1370,15
1371,4
1372,0
1373,4
1374,17
1375,6
1376,2
1377,7
1378,6
1379,3
1380,18
1381,6
1382,7
1383,15
1384,9
1385,0
1386,17
1387,19
1388,12
1389,4
1390,2
1391,2
1392,14
1393,2
1394,12
1395,11
1396,16
1397,18
1398,17
1399,9
1400,9
1401,6
1402,15
1403,17
1404,9
1405,10
1406,11
1407,5
1408,10
1409,1
1410,13
1411,1
1412,18
1413,2
1414,8
1415,2
1416,1
1417,15
1418,5
1419,7
1420,13
1421,14
1422,6
1423,19
1424,6
1425,17
1426,14
1427,8
1428,18
1429,10
1430,12
1431,0
1432,14
1433,5
1434,11
1435,15
1436,4
1437,8
1438,1
1439,18
1440,13
1441,15
1442,18
1443,15
1444,2
1445,14
1446,6
1447,0
1448,2
1449,9
1450,1
1451,2
1452,11
1453,0
1454,1
1455,10
1456,17
1457,17
1458,13
1459,3
1460,8
1461,14
1462,7
1463,4
1464,16
1465,12
1466,19
1467,5
1468,4
1469,10
1470,14
1471,11
1472,16
1473,10
1474,6
1475,3
1476,9
1477,17
1478,11
1479,4
1480,0
1481,3
1482,15
1483,15
1484,4
1485,0
1486,10
1487,18
1488,9
1489,7
1490,5
1491,0
1492,10
1493,15
1494,15
1495,10
1496,13
1497,0
1498,14
1499,10
1500,17
1501,10
1502,2
1503,17
1504,1
1505,1
1506,4
1507,9
1508,1
1509,17
1510,10
1511,3
1512,16
1513,7
1514,3
1515,15
1516,7
1517,16
1518,2
1519,18
1520,2
1521,13
1522,7
1523,19
1524,1
1525,15
1526,13
1527,10
1528,8
1529,11
1530,5
1531,13
1532,9
1533,1
1534,6
1535,11
1536,5
1537,8
1538,9
1539,13
1540,14
1541,5
1542,18
1543,4
1544,10
1545,0
1546,15
1547,18
1548,10
1549,15
1550,11
1551,15
1552,5
1553,9
1554,15
1555,3
1556,4
1557,5
1558,3
1559,14
1560,4
1561,16
1562,12
1563,18
1564,5
1565,1
1566,0
1567,12
1568,11
1569,5
1570,8
1571,7
1572,9
1573,10
1574,11
1575,7
1576,5
1577,7
1578,5
1579,4
1580,8
1581,1
1582,8
1583,1
1584,14
1585,1
1586,16
1587,1
1588,18
1589,9
1590,17
1591,6
1592,8
1593,12
1594,11
1595,18
1596,5
1597,17
1598,6
1599,6
1600,5
1601,10
1602,1
1603,15
1604,14
1605,16
1606,1
1607,9
1608,4
1609,0
1610,16
1611,15
1612,3
1613,13
1614,3
1615,13
1616,7
1617,8
1618,14
1619,8
1620,13
1621,6
1622,4
1623,1
1624,12
1625,12
1626,0
1627,14
1628,3
1629,13
1630,2
1631,12
1632,10
1633,9
1634,16
1635,11
1636,9
1637,16
1638,16
1639,5
1640,16
1641,3
1642,14
1643,5
1644,6
1645,1
1646,17
1647,4
1648,4
1649,0
1650,9
1651,10
1652,0
1653,8
1654,3
1655,1
1656,7
1657,5
1658,8
1659,19
1660,16
1661,5
1662,13
1663,3
1664,7
1665,14
1666,1
1667,8
1668,14
1669,1
1670,3
1671,8
1672,8
1673,6
1674,8
1675,10
1676,8
1677,17
1678,7
1679,1
1680,6
1681,16
1682,14
1683,12
1684,18
1685,18
1686,6
1687,9
1688,4
1689,7
1690,4
1691,15
1692,7
1693,8
1694,3
1695,8
1696,7
1697,1
1698,12
1699,0
1700,15
1701,14
1702,5
1703,0
1704,19
1705,17
1706,8
1707,14
1708,13
1709,10
1710,9
1711,2
1712,5
1713,15
1714,9
1715,13
1716,0
1717,15
1718,4
1719,9
1720,11
1721,8
1722,18
1723,7
1724,9
1725,6
1726,7
1727,2
1728,10
1729,11
1730,0
1731,5
1732,13
1733,11
1734,13
1735,2
1736,7
1737,14
1738,11
1739,4
1740,17
1741,18
1742,15
1743,11
1744,17
1745,15
1746,17
1747,12
1748,0
1749,17
1750,7
1751,13
1752,5
1753,15
1754,5
1755,6
1756,1
1757,14
1758,2
1759,3
1760,5
1761,9
1762,3
1763,12
1764,17
1765,3
1766,5
1767,16
1768,5
1769,2
1770,5
1771,16
1772,8
1773,4
1774,3
1775,6
1776,19
1777,6
1778,1
1779,9
1780,13
1781,8
1782,3
1783,11
1784,6
1785,9
1786,1
1787,4
1788,15
1789,7
1790,7
1791,16
1792,16
1793,6
1794,4
1795,5
1796,5
1797,3
1798,15
1799,14
1800,9
1801,17
1802,2
1803,5
1804,8
1805,17
1806,17
1807,16
1808,3
1809,1
1810,6
1811,16
1812,18
1813,2
1814,10
1815,10
1816,2
1817,11
1818,1
1819,4
1820,5
1821,15
1822,18
1823,4
1824,15
1825,10
1826,12
1827,11
1828,12
1829,10
1830,15
1831,9
1832,18
1833,9
1834,7
1835,15
1836,14
1837,3
1838,7
1839,12
1840,4
1841,14
1842,0
1843,18
1844,10
1845,1
1846,6
1847,13
1848,6
1849,5
1850,16
1851,10
1852,10
1853,5
1854,4
1855,13
1856,11
1857,13
1858,17
1859,13
1860,15
1861,15
1862,4
1863,11
1864,10
1865,8
1866,4
1867,4
1868,14
1869,15
1870,14
1871,1
1872,10
1873,12
1874,5
1875,11
1876,3
1877,2
1878,3
1879,13
1880,15
1881,6
1882,8
1883,19
1884,3
1885,2
1886,5
1887,19
1888,5
1889,17
1890,15
1891,3
1892,17
1893,7
1894,4
1895,0
1896,3
1897,11
1898,4
1899,1
1900,10
1901,5
1902,12
1903,13
1904,14
1905,6
1906,18
1907,9
1908,17
1909,2
1910,15
1911,15
1912,1
1913,17
1914,0
1915,14
1916,15
1917,17
1918,5
1919,2
1920,17
1921,9
1922,13
1923,14
1924,16
1925,14
1926,5
1927,3
1928,1
1929,4
1930,15
1931,10
1932,8
1933,1
1934,3
1935,1
1936,12
1937,14
1938,1
1939,7
1940,0
1941,4
1942,4
1943,15
1944,9
1945,6
1946,17
1947,11
1948,16
1949,14
1950,12
1951,9
1952,2
1953,0
1954,7
1955,16
1956,9
1957,9
1958,7
1959,10
1960,0
1961,1
1962,7
1963,3
1964,6
1965,9
1966,12
1967,6
1968,7
1969,3
1970,15
1971,17
1972,12
1973,15
1974,15
1975,17
1976,6
1977,1
1978,9
1979,4
1980,4
1981,0
1982,19
1983,3
1984,8
1985,3
1986,14
1987,8
1988,9
1989,3
1990,5
1991,8
1992,7
1993,7
1994,15
1995,10
1996,9
1997,11
1998,16
1999,6
2000,14
2001,6
2002,15
2003,18
2004,17
2005,4
2006,5
2007,6
2008,14
2009,9
2010,16
2011,1
2012,11
2013,14
2014,10
2015,6
2016,8
2017,1
2018,5
2019,15
2020,4
2021,5
2022,7
2023,15
2024,16
2025,4
2026,17
2027,15
2028,13
2029,5
2030,13
2031,1
2032,5
2033,10
2034,3
2035,1
2036,3
2037,2
2038,13
2039,12
2040,15
2041,17
2042,8
2043,15
2044,2
2045,5
2046,14
2047,6
2048,5
2049,4
2050,16
2051,4
2052,6
2053,16
2054,12
2055,13
2056,15
2057,11
2058,7
2059,7
2060,15
2061,13
2062,17
2063,10
2064,13
2065,9
2066,9
2067,6
2068,3
2069,3
2070,16
2071,8
2072,6
2073,10
2074,11
2075,7
2076,17
2077,12
2078,12
2079,3
2080,12
2081,15
2082,14
2083,17
2084,6
2085,9
2086,13
2087,17
2088,9
2089,7
2090,16
2091,17
2092,6
2093,5
2094,13
2095,10
2096,5
2097,7
2098,15
2099,5
2100,14
2101,18
2102,7
2103,10
2104,5
2105,10
2106,13
2107,4
2108,5
2109,2
2110,2
2111,5
2112,1
2113,7
2114,8
2115,5
2116,14
2117,12
2118,9
2119,18
2120,16
2121,18
2122,4
2123,3
2124,9
2125,7
2126,7
2127,9
2128,2
2129,8
2130,13
2131,6
2132,17
2133,15
2134,0
2135,13
2136,12
2137,14
2138,5
2139,4
2140,13
2141,9
2142,18
2143,9
2144,12
2145,3
2146,15
2147,10
2148,18
2149,7
2150,18
2151,7
2152,13
2153,15
2154,0
2155,10
2156,15
2157,15
2158,8
2159,0
2160,13
2161,10
2162,1
2163,18
2164,18
2165,13
2166,12
2167,16
2168,11
2169,4
2170,6
2171,4
2172,6
2173,4
2174,3
2175,1
2176,18
2177,2
2178,8
2179,7
2180,18
2181,0
2182,4
2183,14
2184,12
2185,15
2186,14
2187,17
2188,15
2189,2
2190,16
2191,16
2192,8
2193,10
2194,15
2195,1
2196,5
2197,0
2198,8
2199,17
2200,14
2201,6
2202,11
2203,0
2204,14
2205,12
2206,14
2207,12
2208,18
2209,14
2210,0
2211,12
2212,0
2213,13
2214,9
2215,10
2216,15
2217,5
2218,6
2219,2
2220,7
2221,14
2222,15
2223,6
2224,8
2225,6
2226,11
2227,5
2228,8
2229,12
2230,8
2231,2
2232,3
2233,5
2234,12
2235,13
2236,6
2237,8
2238,17
2239,10
2240,3
2241,10
2242,5
2243,19
2244,12
2245,18
2246,5
2247,17
2248,11
2249,15
2250,13
2251,16
2252,5
2253,19
2254,10
2255,2
2256,12
2257,10
2258,12
2259,6
2260,6
2261,6
2262,9
2263,6
2264,10
2265,16
2266,13
2267,17
2268,3
2269,13
2270,3
2271,8
2272,8
2273,14
2274,8
2275,5
2276,4
2277,19
2278,18
2279,13
2280,16
2281,7
2282,3
2283,4
2284,4
2285,7
2286,11
2287,13
2288,4
2289,0
2290,11
2291,10
2292,3
2293,11
2294,9
2295,6
2296,0
2297,4
2298,6
2299,16
2300,5
2301,18
2302,13
2303,10
2304,11
2305,16
2306,10
2307,4
2308,14
2309,11
2310,12
2311,16
2312,5
2313,18
2314,15
2315,13
2316,3
2317,12
2318,18
2319,1
2320,14
2321,6
2322,1
2323,16
2324,10
2325,11
2326,4
2327,11
2328,8
2329,9
2330,4
2331,2
2332,7
2333,15
2334,15
2335,18
2336,6
2337,15
2338,8
2339,19
2340,0
2341,1
2342,1
2343,13
2344,10
2345,4
2346,4
2347,3
2348,16
2349,11
2350,9
2351,9
2352,7
2353,1
2354,0
2355,9
2356,17
2357,15
2358,10
2359,5
2360,6
2361,16
2362,7
2363,0
2364,1
2365,8
2366,6
2367,7
2368,3
2369,13
2370,2
2371,10
2372,4
2373,7
2374,5
2375,17
2376,14
2377,8
2378,16
2379,3
2380,9
2381,15
2382,6
2383,13
2384,18
2385,15
2386,14
2387,5
2388,17
2389,15
2390,10
2391,14
2392,16
2393,8
2394,1
2395,17
2396,7
2397,16
2398,8
2399,16
2400,5
2401,3
2402,12
2403,4
2404,0
2405,0
2406,16
2407,14
2408,16
2409,8
2410,5
2411,3
2412,5
2413,18
2414,6
2415,11
2416,15
2417,5
2418,7
2419,10
2420,6
2421,18
2422,6
2423,4
2424,5
2425,3
2426,5
2427,1
2428,12
2429,5
2430,6
2431,3
2432,18
2433,4
2434,13
2435,17
2436,7
2437,7
2438,12
2439,7
2440,12
2441,5
2442,3
2443,15
2444,10
2445,7
2446,18
2447,16
2448,8
2449,12
2450,7
2451,10
2452,17
2453,6
2454,3
2455,10
2456,17
2457,10
2458,0
2459,1
2460,5
2461,16
2462,8
2463,5
2464,3
2465,12
2466,3
2467,17
2468,3
2469,2
2470,1
2471,4
2472,9
2473,16
2474,10
2475,12
2476,3
2477,18
2478,17
2479,11
2480,2
2481,0
2482,2
2483,16
2484,11
2485,7
2486,17
2487,15
2488,3
2489,9
2490,3
2491,1
2492,9
2493,2
2494,15
2495,18
2496,1
2497,16
2498,10
2499,17
2500,10
2501,5
2502,2
2503,17
2504,17
2505,13
2506,17
2507,13
2508,16
2509,16
2510,8
2511,18
2512,6
2513,3
2514,7
2515,8
2516,9
2517,17
2518,18
2519,12
2520,6
2521,15
2522,15
2523,5
2524,6
2525,4
2526,5
2527,15
2528,7
2529,18
2530,11
2531,19
2532,17
2533,12
2534,16
2535,17
2536,14
2537,1
2538,18
2539,9
2540,17
2541,2
2542,17
2543,0
2544,17
2545,18
2546,10
2547,15
2548,4
2549,0
2550,19
2551,13
2552,15
2553,15
2554,16
2555,1
2556,7
2557,15
2558,18
2559,12
2560,15
2561,1
2562,10
2563,2
2564,16
2565,14
2566,3
2567,9
2568,7
2569,2
2570,15
2571,9
2572,0
2573,8
2574,18
2575,15
2576,9
2577,14
2578,2
2579,10
2580,3
2581,15
2582,2
2583,9
2584,18
2585,8
2586,19
2587,10
2588,19
2589,19
2590,6
2591,11
2592,2
2593,17
2594,17
2595,10
2596,13
2597,10
2598,10
2599,13
2600,18
2601,15
2602,17
2603,3
2604,10
2605,13
2606,12
2607,4
2608,7
2609,4
2610,14
2611,4
2612,2
2613,15
2614,12
2615,2
2616,11
2617,8
2618,15
2619,6
2620,15
2621,6
2622,9
2623,18
2624,11
2625,16
2626,18
2627,9
2628,7
2629,0
2630,4
2631,9
2632,18
2633,8
2634,13
2635,7
2636,7
2637,11
2638,13
2639,3
2640,2
2641,15
2642,9
2643,3
2644,15
2645,4
2646,6
2647,6
2648,14
2649,1
2650,11
2651,14
2652,6
2653,15
2654,9
2655,11
2656,8
2657,9
2658,18
2659,13
2660,2
2661,11
2662,13
2663,14
2664,10
2665,6
2666,13
2667,17
2668,6
2669,14
2670,8
2671,12
2672,12
2673,14
2674,8
2675,16
2676,9
2677,7
2678,4
2679,15
2680,5
2681,5
2682,11
2683,10
2684,5
2685,13
2686,16
2687,15
2688,2
2689,12
2690,1
2691,7
2692,11
2693,6
2694,12
2695,1
2696,5
2697,7
2698,2
2699,8
2700,16
2701,9
2702,19
2703,16
2704,9
2705,12
2706,11
2707,12
2708,1
2709,0
2710,4
2711,16
2712,16
2713,6
2714,6
2715,3
2716,4
2717,15
2718,15
2719,7
2720,9
2721,6
2722,7
2723,14
2724,2
2725,19
2726,6
2727,8
2728,14
2729,6
2730,14
2731,15
2732,1
2733,6
2734,7
2735,17
2736,11
2737,13
2738,10
2739,13
2740,6
2741,18
2742,5
2743,7
2744,5
2745,16
2746,4
2747,3
2748,11
2749,5
2750,17
2751,16
2752,15
2753,18
2754,4
2755,1
2756,9
2757,16
2758,7
2759,3
2760,7
2761,9
2762,3
2763,9
2764,7
2765,0
2766,16
2767,2
2768,6
2769,6
2770,2
2771,2
2772,18
2773,1
2774,4
2775,6
2776,6
2777,19
2778,17
2779,18
2780,4
2781,1
2782,5
2783,11
2784,18
2785,13
2786,0
2787,16
2788,16
2789,15
2790,17
2791,3
2792,6
2793,8
2794,9
2795,0
2796,2
2797,9
2798,12
2799,9
2800,7
2801,15
2802,1
2803,1
2804,8
2805,15
2806,14
2807,11
2808,15
2809,13
2810,7
2811,7
2812,11
2813,6
2814,11
2815,16
2816,5
2817,15
2818,16
2819,15
2820,2
2821,16
2822,4
2823,14
2824,12
2825,9
2826,3
2827,15
2828,4
2829,1
2830,10
2831,14
2832,5
2833,14
2834,11
2835,11
2836,9
2837,7
2838,16
2839,11
2840,16
2841,14
2842,10
2843,4
2844,9
2845,1
2846,10
2847,1
2848,19
2849,9
2850,12
2851,13
2852,4
2853,11
2854,17
2855,2
2856,13
2857,7
2858,13
2859,17
2860,10
2861,1
2862,3
2863,3
2864,7
2865,1
2866,5
2867,8
2868,9
2869,18
2870,13
2871,9
2872,3
2873,15
2874,2
2875,8
2876,5
2877,13
2878,7
2879,17
2880,17
2881,16
2882,9
2883,8
2884,16
2885,16
2886,18
2887,7
2888,11
2889,16
2890,9
2891,15
2892,6
2893,14
2894,12
2895,3
2896,15
2897,10
2898,18
2899,17
2900,9
2901,0
2902,2
2903,17
2904,3
2905,13
2906,12
2907,7
2908,1
2909,12
2910,6
2911,9
2912,9
2913,12
2914,14
2915,11
2916,17
2917,15
2918,0
2919,17
2920,17
2921,4
2922,14
2923,6
2924,5
2925,11
2926,9
2927,9
2928,15
2929,14
2930,2
2931,9
2932,18
2933,5
2934,9
2935,18
2936,2
2937,4
2938,8
2939,16
2940,17
2941,18
2942,1
2943,18
2944,9
2945,18
2946,11
2947,10
2948,0
2949,8
2950,11
2951,4
2952,4
2953,0
2954,16
2955,9
2956,6
2957,8
2958,9
2959,9
2960,0
2961,3
2962,7
2963,14
2964,11
2965,1
2966,10
2967,15
2968,8
2969,15
2970,17
2971,1
2972,16
2973,13
2974,15
2975,7
2976,4
2977,10
2978,5
2979,14
2980,14
2981,11
2982,9
2983,6
2984,10
2985,9
2986,3
2987,2
2988,2
2989,19
2990,13
2991,9
2992,1
2993,17
2994,4
2995,0
2996,13
2997,16
2998,0
2999,9
3000,5
3001,1
3002,7
3003,19
3004,4
3005,11
3006,7
3007,4
3008,8
3009,15
3010,7
3011,8
3012,8
3013,7
3014,1
3015,13
3016,4
3017,11
3018,2
3019,3
3020,13
3021,3
3022,13
3023,9
3024,16
3025,18
3026,7
3027,0
3028,5
3029,8
3030,14
3031,10
3032,5
3033,13
3034,15
3035,13
3036,13
3037,10
3038,13
3039,2
3040,14
3041,18
3042,10
3043,3
3044,3
3045,3
3046,6
3047,8
3048,9
3049,0
3050,15
3051,16
3052,3
3053,16
3054,12
3055,11
3056,14
3057,17
3058,15
3059,18
3060,7
3061,9
3062,5
3063,7
3064,6
3065,5
3066,4
3067,13
3068,6
3069,11
3070,2
3071,1
3072,4
3073,0
3074,9
3075,5
3076,3
3077,2
3078,2
3079,12
3080,8
3081,11
3082,12
3083,12
3084,7
3085,4
3086,6
3087,13
3088,13
3089,18
3090,19
3091,15
3092,2
3093,3
3094,17
3095,1
3096,17
3097,5
3098,8
3099,7
3100,14
3101,16
3102,6
3103,8
3104,13
3105,12
3106,15
3107,10
3108,7
3109,6
3110,11
3111,10
3112,13
3113,17
3114,13
3115,17
3116,10
3117,11
3118,17
3119,14
3120,13
3121,9
3122,5
3123,15
3124,16
3125,3
3126,3
3127,1
3128,8
3129,8
3130,10
3131,16
3132,11
3133,3
3134,2
3135,19
3136,7
3137,5
3138,15
3139,16
3140,9
3141,6
3142,10
3143,7
3144,18
3145,4
3146,3
3147,12
3148,10
3149,2
3150,11
3151,17
3152,6
3153,5
3154,6
3155,5
3156,8
3157,6
3158,4
3159,0
3160,17
3161,13
3162,7
3163,7
3164,6
3165,9
3166,6
3167,14
3168,10
3169,6
3170,13
3171,13
3172,17
3173,11
3174,14
3175,8
3176,4
3177,6
3178,3
3179,5
3180,13
3181,5
3182,2
3183,4
3184,0
3185,2
3186,6
3187,11
3188,14
3189,6
3190,2
3191,13
3192,16
3193,2
3194,6
3195,11
3196,18
3197,1
3198,17
3199,9
3200,6
3201,0
3202,9
3203,10
3204,10
3205,2
3206,10
3207,17
3208,15
3209,15
3210,3
3211,11
3212,7
3213,3
3214,18
3215,4
3216,8
3217,10
3218,13
3219,1
3220,14
3221,15
3222,9
3223,4
3224,14
3225,17
3226,10
3227,6
3228,6
3229,4
3230,6
3231,7
3232,13
3233,1
3234,17
3235,11
3236,9
3237,7
3238,7
3239,2
3240,1
3241,9
3242,5
3243,12
3244,4
3245,15
3246,11
3247,3
3248,8
3249,7
3250,7
3251,4
3252,6
3253,9
3254,6
3255,18
3256,16
3257,1
3258,1
3259,7
3260,2
3261,7
3262,19
3263,6
3264,10
3265,7
3266,14
3267,6
3268,17
3269,12
3270,3
3271,11
3272,2
3273,6
3274,17
3275,6
3276,16
3277,12
3278,9
3279,11
3280,2
3281,16
3282,2
3283,17
3284,7
3285,7
3286,12
3287,10
3288,10
3289,5
3290,7
3291,15
3292,10
3293,11
3294,14
3295,2
3296,15
3297,1
3298,4
3299,11
3300,10
3301,16
3302,18
3303,1
3304,17
3305,8
3306,11
3307,14
3308,2
3309,12
3310,4
3311,3
3312,0
3313,9
3314,15
3315,7
3316,1
3317,12
3318,2
3319,17
3320,1
3321,13
3322,2
3323,1
3324,15
3325,1
3326,17
3327,17
3328,3
3329,6
3330,4
3331,8
3332,13
3333,2
3334,11
3335,18
3336,6
3337,4
3338,15
3339,7
3340,17
3341,15
3342,2
3343,19
3344,8
3345,17
3346,9
3347,4
3348,10
3349,19
3350,17
3351,0
3352,14
3353,5
3354,16
3355,8
3356,6
3357,3
3358,15
3359,13
3360,15
3361,5
3362,5
3363,12
3364,17
3365,3
3366,14
3367,13
3368,0
3369,2
3370,11
3371,18
3372,2
3373,7
3374,0
3375,12
3376,2
3377,19
3378,6
3379,16
3380,13
3381,18
3382,15
3383,4
3384,14
3385,13
3386,7
3387,16
3388,0
3389,0
3390,18
3391,8
3392,17
3393,11
3394,7
3395,11
3396,1
3397,13
3398,15
3399,6
3400,5
3401,12
3402,7
3403,12
3404,3
3405,18
3406,8
3407,1
3408,11
3409,1
3410,8
3411,4
3412,7
3413,13
3414,15
3415,13
3416,13
3417,14
3418,2
3419,6
3420,12
3421,3
3422,5
3423,12
3424,17
3425,2
3426,9
3427,17
3428,6
3429,9
3430,6
3431,5
3432,6
3433,6
3434,5
3435,11
3436,16
3437,4
3438,11
3439,4
3440,6
3441,5
3442,19
3443,10
3444,10
3445,1
3446,8
3447,7
3448,8
3449,1
3450,3
3451,17
3452,11
3453,17
3454,16
3455,11
3456,3
3457,16
3458,15
3459,7
3460,11
3461,16
3462,3
3463,17
3464,3
3465,1
3466,2
3467,15
3468,13
3469,8
3470,19
3471,19
3472,15
3473,4
3474,12
3475,5
3476,15
3477,15
3478,14
3479,5
3480,18
3481,3
3482,15
3483,11
3484,7
3485,16
3486,2
3487,2
3488,1
3489,8
3490,18
3491,5
3492,4
3493,17
3494,13
3495,11
3496,14
3497,18
3498,17
3499,15
3500,5
3501,17
3502,8
3503,16
3504,5
3505,8
3506,10
3507,17
3508,4
3509,11
3510,10
3511,7
3512,11
3513,15
3514,10
3515,2
3516,18
3517,17
3518,15
3519,3
3520,17
3521,19
3522,18
3523,13
3524,0
3525,11
3526,5
3527,13
3528,4
3529,8
3530,11
3531,3
3532,5
3533,1
3534,1
3535,0
3536,6
3537,16
3538,8
3539,15
3540,13
3541,1
3542,4
3543,16
3544,5
3545,2
3546,17
3547,9
3548,0
3549,16
3550,15
3551,11
3552,17
3553,1
3554,14
3555,3
3556,10
3557,7
3558,16
3559,7
3560,4
3561,7
3562,0
3563,2
3564,10
3565,1
3566,2
3567,17
3568,16
3569,1
3570,3
3571,17
3572,1
3573,18
3574,16
3575,12
3576,9
3577,15
3578,11
3579,5
3580,15
3581,3
3582,6
3583,10
3584,5
3585,15
3586,14
3587,17
3588,10
3589,18
3590,5
3591,5
3592,0
3593,12
3594,18
3595,8
3596,5
3597,2
3598,2
3599,6
3600,11
3601,8
3602,15
3603,16
3604,12
3605,9
3606,11
3607,12
3608,5
3609,11
3610,8
3611,5
3612,10
3613,3
3614,15
3615,9
3616,13
3617,9
3618,16
3619,14
3620,17
3621,8
3622,14
3623,16
3624,10
3625,11
3626,1
3627,4
3628,2
3629,16
3630,11
3631,6
3632,17
3633,18
3634,6
3635,9
3636,7
3637,15
3638,0
3639,1
3640,4
3641,5
3642,8
3643,1
3644,8
3645,12
3646,4
3647,0
3648,2
3649,16
3650,12
3651,5
3652,13
3653,10
3654,4
3655,16
3656,1
3657,1
3658,2
3659,3
3660,4
3661,10
3662,17
3663,10
3664,18
3665,16
3666,5
3667,4
3668,10
3669,4
3670,7
3671,16
3672,16
3673,17
3674,13
3675,4
3676,11
3677,1
3678,15
3679,8
3680,4
3681,2
3682,5
3683,16
3684,17
3685,10
3686,4
3687,14
3688,7
3689,3
3690,12
3691,1
3692,10
3693,5
3694,14
3695,0
3696,1
3697,4
3698,16
3699,8
3700,19
3701,6
3702,16
3703,8
3704,12
3705,10
3706,2
3707,3
3708,16
3709,9
3710,0
3711,7
3712,17
3713,13
3714,8
3715,4
3716,8
3717,18
3718,6
3719,2
3720,11
3721,17
3722,10
3723,16
3724,15
3725,1
3726,5
3727,4
3728,6
3729,12
3730,14
3731,8
3732,0
3733,7
3734,7
3735,17
3736,11
3737,15
3738,1
3739,17
3740,3
3741,14
3742,10
3743,11
3744,16
3745,10
3746,15
3747,6
3748,5
3749,3
3750,14
3751,11
3752,3
3753,4
3754,10
3755,13
3756,8
3757,19
3758,17
3759,1
3760,13
3761,10
3762,8
3763,13
3764,12
3765,1
3766,15
3767,8
3768,1
3769,4
3770,17
3771,2
3772,15
3773,6
3774,2
3775,9
3776,8
3777,2
3778,15
3779,15
3780,3
3781,5
3782,14
3783,18
3784,8
3785,10
3786,5
3787,2
3788,5
3789,6
3790,7
3791,12
3792,15
3793,12
3794,17
3795,16
3796,15
3797,15
3798,8
3799,8
3800,18
3801,10
3802,13
3803,18
3804,15
3805,1
3806,4
3807,7
3808,8
3809,15
3810,10
3811,8
3812,2
3813,16
3814,15
3815,15
3816,1
3817,0
3818,11
3819,8
3820,17
3821,7
3822,14
3823,1
3824,17
3825,17
3826,16
3827,5
3828,6
3829,7
3830,1
3831,7
3832,17
3833,16
3834,11
3835,12
3836,12
3837,16
3838,1
3839,10
3840,5
3841,13
3842,9
3843,4
3844,13
3845,4
3846,5
3847,11
3848,0
3849,18
3850,16
3851,14
3852,15
3853,13
3854,4
3855,15
3856,4
3857,12
3858,6
3859,4
3860,14
3861,5
3862,15
3863,5
3864,6
3865,12
3866,8
3867,4
3868,5
3869,2
3870,3
3871,17
3872,2
3873,1
3874,1
3875,14
3876,2
3877,2
3878,6
3879,15
3880,17
3881,17
3882,8
3883,16
3884,13
3885,9
3886,3
3887,9
3888,15
3889,8
3890,5
3891,13
3892,10
3893,7
3894,8
3895,9
3896,1
3897,15
3898,7
3899,2
3900,1
3901,6
3902,7
3903,8
3904,1
3905,13
3906,6
3907,7
3908,1
3909,13
3910,1
3911,8
3912,2
3913,5
3914,9
3915,2
3916,6
3917,15
3918,11
3919,6
3920,13
3921,3
3922,10
3923,15
3924,5
3925,2
3926,12
3927,6
3928,14
3929,6
3930,4
3931,3
3932,18
3933,5
3934,13
3935,15
3936,6
3937,7
3938,7
3939,3
3940,15
3941,12
3942,5
3943,7
3944,10
3945,6
3946,4
3947,16
3948,9
3949,10
3950,13
3951,11
3952,18
3953,7
3954,15
3955,2
3956,3
3957,17
3958,6
3959,5
3960,16
3961,8
3962,16
3963,14
3964,14
3965,3
3966,6
3967,18
3968,2
3969,6
3970,18
3971,1
3972,0
3973,15
3974,14
3975,12
3976,17
3977,16
3978,8
3979,17
3980,11
3981,6
3982,9
3983,1
3984,17
3985,13
3986,9
3987,12
3988,0
3989,5
3990,10
3991,18
3992,18
3993,6
3994,12
3995,7
3996,5
3997,4
3998,1
3999,2
4000,12
4001,10
4002,18
4003,16
4004,15
4005,2
4006,2
4007,4
4008,3
4009,16
4010,8
4011,5
4012,9
4013,0
4014,15
4015,16
4016,8
4017,1
4018,14
4019,18
4020,17
4021,17
4022,1
4023,14
4024,18
4025,1
4026,14
4027,16
4028,2
4029,16
4030,2
4031,0
4032,7
4033,1
4034,13
4035,1
4036,14
4037,1
4038,7
4039,8
4040,3
4041,12
4042,18
4043,6
4044,11
4045,5
4046,8
4047,13
4048,8
4049,12
4050,8
4051,5
4052,1
4053,11
4054,13
4055,1
4056,12
4057,15
4058,17
4059,9
4060,4
4061,6
4062,6
4063,4
4064,2
4065,4
4066,16
4067,13
4068,17
4069,16
4070,7
4071,1
4072,15
4073,9
4074,13
4075,18
4076,6
4077,3
4078,0
4079,10
4080,14
4081,1
4082,13
4083,15
4084,11
4085,16
4086,0
4087,8
4088,9
4089,9
4090,9
4091,15
4092,14
4093,4
4094,11
4095,7
4096,6
4097,2
4098,10
4099,3
4100,5
4101,11
4102,4
4103,13
4104,0
4105,2
4106,6
4107,17
4108,4
4109,10
4110,16
4111,9
4112,2
4113,14
4114,5
4115,8
4116,12
4117,1
4118,0
4119,9
4120,17
4121,15
4122,17
4123,6
4124,5
4125,13
4126,19
4127,7
4128,9
4129,4
4130,1
4131,17
4132,6
4133,8
4134,9
4135,4
4136,15
4137,8
4138,3
4139,6
4140,17
4141,2
4142,3
4143,16
4144,10
4145,0
4146,4
4147,12
4148,15
4149,9
4150,10
4151,5
4152,15
4153,1
4154,17
4155,15
4156,11
4157,2
4158,10
4159,15
4160,5
4161,16
4162,15
4163,15
4164,16
4165,17
4166,15
4167,15
4168,16
4169,4
4170,4
4171,1
4172,15
4173,18
4174,9
4175,17
4176,11
4177,5
4178,4
4179,8
4180,9
4181,8
4182,13
4183,11
4184,7
4185,9
4186,0
4187,0
4188,5
4189,2
4190,11
4191,14
4192,16
4193,12
4194,3
4195,3
4196,13
4197,2
4198,15
4199,9
4200,14
4201,1
4202,8
4203,8
4204,6
4205,7
4206,3
4207,1
4208,15
4209,2
4210,8
4211,14
4212,0
4213,16
4214,9
4215,7
4216,6
4217,0
4218,12
4219,6
4220,13
4221,3
4222,13
4223,15
4224,1
4225,14
4226,6
4227,3
4228,8
4229,1
4230,15
4231,5
4232,6
4233,9
4234,3
4235,4
4236,10
4237,17
4238,15
4239,6
4240,14
4241,4
4242,1
4243,5
4244,16
4245,13
4246,2
4247,10
4248,10
4249,6
4250,13
4251,3
4252,8
4253,2
4254,5
4255,10
4256,12
4257,2
4258,14
4259,10
4260,6
4261,3
4262,11
4263,9
4264,1
4265,11
4266,0
4267,0
4268,14
4269,13
4270,2
4271,15
4272,17
4273,15
4274,6
4275,15
4276,13
4277,7
4278,8
4279,8
4280,12
4281,12
4282,18
4283,13
4284,8
4285,1
4286,1
4287,7
4288,18
4289,4
4290,14
4291,9
4292,15
4293,9
4294,2
4295,15
4296,15
4297,19
4298,15
4299,4
4300,10
4301,16
4302,15
4303,12
4304,17
4305,14
4306,10
4307,1
4308,16
4309,14
4310,11
4311,5
4312,15
4313,6
4314,12
4315,3
4316,12
4317,2
4318,4
4319,1
4320,2
4321,3
4322,11
4323,8
4324,11
4325,18
4326,16
4327,11
4328,5
4329,18
4330,13
4331,2
4332,6
4333,4
4334,4
4335,6
4336,15
4337,15
4338,1
4339,9
4340,16
4341,7
4342,9
4343,7
4344,15
4345,9
4346,9
4347,4
4348,19
4349,5
4350,10
4351,14
4352,15
4353,4
4354,11
4355,16
4356,7
4357,7
4358,14
4359,2
4360,18
4361,17
4362,12
4363,14
4364,11
4365,11
4366,4
4367,13
4368,13
4369,13
4370,10
4371,15
4372,6
4373,8
4374,1
4375,16
4376,16
4377,14
4378,12
4379,3
4380,11
4381,13
4382,9
4383,6
4384,15
4385,16
4386,13
4387,5
4388,16
4389,12
4390,7
4391,9
4392,5
4393,12
4394,6
4395,2
4396,3
4397,5
4398,2
4399,16
4400,0
4401,12
4402,9
4403,0
4404,15
4405,15
4406,7
4407,5
4408,0
4409,16
4410,17
4411,14
4412,11
4413,6
4414,8
4415,14
4416,7
4417,11
4418,11
4419,14
4420,8
4421,2
4422,4
4423,0
4424,8
4425,16
4426,5
4427,10
4428,7
4429,14
4430,7
4431,12
4432,0
4433,18
4434,12
4435,17
4436,15
4437,8
4438,11
4439,10
4440,1
4441,8
4442,3
4443,3
4444,3
4445,6
4446,3
4447,1
4448,1
4449,5
4450,17
4451,11
4452,15
4453,15
4454,18
4455,9
4456,4
4457,4
4458,10
4459,5
4460,4
4461,1
4462,15
4463,13
4464,6
4465,18
4466,10
4467,9
4468,3
4469,0
4470,15
4471,6
4472,9
4473,3
4474,2
4475,2
4476,10
4477,9
4478,10
4479,14
4480,2
4481,10
4482,2
4483,17
4484,0
4485,9
4486,15
4487,17
4488,9
4489,0
4490,15
4491,18
4492,6
4493,16
4494,12
4495,5
4496,4
4497,8
4498,2
4499,10
4500,10
4501,7
4502,13
4503,10
4504,7
4505,10
4506,15
4507,4
4508,8
4509,15
4510,4
4511,15
4512,8
4513,19
4514,1
4515,6
4516,14
4517,16
4518,4
4519,9
4520,2
4521,10
4522,3
4523,16
4524,3
4525,17
4526,13
4527,6
4528,9
4529,7
4530,1
4531,15
4532,3
4533,5
4534,1
4535,5
4536,15
4537,1
4538,1
4539,0
4540,18
4541,6
4542,5
4543,7
4544,11
4545,5
4546,9
4547,18
4548,3
4549,8
4550,4
4551,11
4552,4
4553,17
4554,3
4555,8
4556,6
4557,8
4558,11
4559,4
4560,1
4561,19
4562,13
4563,6
4564,9
4565,18
4566,14
4567,9
4568,7
4569,0
4570,4
4571,10
4572,17
4573,6
4574,5
4575,15
4576,2
4577,15
4578,4
4579,16
4580,14
4581,15
4582,15
4583,3
4584,7
4585,5
4586,11
4587,15
4588,16
4589,10
4590,5
4591,5
4592,15
4593,10
4594,15
4595,11
4596,14
4597,1
4598,9
4599,10
4600,6
4601,4
4602,6
4603,16
4604,2
4605,3
4606,5
4607,9
4608,5
4609,1
4610,13
4611,12
4612,17
4613,10
4614,9
4615,6
4616,1
4617,13
4618,13
4619,15
4620,1
4621,7
4622,0
4623,8
4624,10
4625,7
4626,5
4627,11
4628,18
4629,13
4630,10
4631,2
4632,9
4633,9
4634,9
4635,4
4636,7
4637,6
4638,1
4639,10
4640,3
4641,9
4642,5
4643,13
4644,15
4645,5
4646,1
4647,16
4648,14
4649,5
4650,14
4651,6
4652,9
4653,13
4654,16
4655,15
4656,3
4657,7
4658,6
4659,9
4660,8
4661,6
4662,4
4663,2
4664,17
4665,12
4666,8
4667,9
4668,3
4669,4
4670,13
4671,16
4672,9
4673,6
4674,15
4675,1
4676,14
4677,13
4678,12
4679,6
4680,2
4681,13
4682,9
4683,15
4684,10
4685,14
4686,7
4687,11
4688,12
4689,7
4690,6
4691,19
4692,19
4693,13
4694,1
4695,7
4696,6
4697,2
4698,16
4699,12
4700,2
4701,17
4702,15
4703,13
4704,9
4705,3
4706,8
4707,0
4708,9
4709,6
4710,12
4711,14
4712,4
4713,14
4714,2
4715,14
4716,5
4717,5
4718,5
4719,9
4720,4
4721,15
4722,6
4723,5
4724,11
4725,12
4726,13
4727,6
4728,4
4729,10
4730,10
4731,9
4732,7
4733,10
4734,5
4735,4
4736,19
4737,9
4738,14
4739,14
4740,11
4741,9
4742,9
4743,10
4744,18
4745,8
4746,15
4747,6
4748,1
4749,15
4750,13
4751,15
4752,13
4753,6
4754,7
4755,6
4756,3
4757,4
4758,9
4759,6
4760,2
4761,13
4762,15
4763,18
4764,14
4765,15
4766,15
4767,15
4768,10
4769,1
4770,11
4771,2
4772,5
4773,17
4774,4
4775,1
4776,17
4777,4
4778,5
4779,15
4780,5
4781,19
4782,10
4783,10
4784,7
4785,14
4786,1
4787,9
4788,2
4789,7
4790,13
4791,8
4792,13
4793,16
4794,17
4795,11
4796,8
4797,12
4798,4
4799,4
4800,12
4801,10
4802,9
4803,1
4804,13
4805,10
4806,17
4807,7
4808,3
4809,4
4810,8
4811,16
4812,16
4813,7
4814,10
4815,12
4816,11
4817,2
4818,2
4819,3
4820,1
4821,5
4822,1
4823,1
4824,9
4825,15
4826,5
4827,15
4828,13
4829,6
4830,16
4831,0
4832,11
4833,12
4834,15
4835,2
4836,1
4837,4
4838,10
4839,2
4840,1
4841,14
4842,3
4843,4
4844,17
4845,18
4846,13
4847,13
4848,9
4849,5
4850,9
4851,15
4852,1
4853,6
4854,3
4855,6
4856,1
4857,4
4858,1
4859,2
4860,2
4861,13
4862,13
4863,11
4864,0
4865,11
4866,5
4867,18
4868,1
4869,17
4870,2
4871,8
4872,12
4873,10
4874,4
4875,10
4876,16
4877,7
4878,5
4879,18
4880,14
4881,15
4882,3
4883,16
4884,15
4885,1
4886,16
4887,11
4888,11
4889,4
4890,5
4891,15
4892,3
4893,1
4894,6
4895,19
4896,3
4897,6
4898,15
4899,7
4900,9
4901,8
4902,11
4903,0
4904,8
4905,1
4906,11
4907,15
4908,9
4909,16
4910,13
4911,5
4912,15
4913,12
4914,17
4915,19
4916,16
4917,16
4918,13
4919,4
4920,12
4921,12
4922,14
4923,7
4924,14
4925,9
4926,15
4927,6
4928,17
4929,10
4930,17
4931,7
4932,16
4933,15
4934,14
4935,6
4936,4
4937,5
4938,2
4939,7
4940,7
4941,8
4942,6
4943,15
4944,10
4945,13
4946,8
4947,2
4948,7
4949,13
4950,2
4951,0
4952,13
4953,14
4954,4
4955,1
4956,7
4957,9
4958,6
4959,10
4960,15
4961,3
4962,0
4963,19
4964,17
4965,4
4966,2
4967,11
4968,2
4969,0
4970,8
4971,7
4972,2
4973,11
4974,10
4975,14
4976,13
4977,8
4978,9
4979,10
4980,5
4981,14
4982,13
4983,7
4984,3
4985,0
4986,14
4987,17
4988,6
4989,9
4990,17
4991,11
4992,16
4993,13
4994,6
4995,12
4996,1
4997,15
4998,14
4999,0
5000,2
5001,0
5002,9
5003,4
5004,11
5005,14
5006,12
5007,15
5008,0
5009,6
5010,6
5011,13
5012,4
5013,3
5014,3
5015,1
5016,4
5017,4
5018,14
5019,2
5020,15
5021,3
5022,12
5023,17
5024,16
5025,4
5026,6
5027,3
5028,16
5029,11
5030,15
5031,14
5032,18
5033,4
5034,3
5035,2
5036,18
5037,9
5038,7
5039,2
5040,13
5041,15
5042,16
5043,0
5044,17
5045,7
5046,9
5047,14
5048,7
5049,10
5050,11
5051,9
5052,0
5053,7
5054,15
5055,1
5056,0
5057,1
5058,4
5059,15
5060,15
5061,11
5062,2
5063,8
5064,9
5065,2
5066,4
5067,17
5068,11
5069,10
5070,10
5071,12
5072,16
5073,1
5074,6
5075,1
5076,5
5077,3
5078,9
5079,11
5080,10
5081,15
5082,1
5083,0
5084,19
5085,1
5086,1
5087,11
5088,8
5089,9
5090,15
5091,17
5092,1
5093,6
5094,6
5095,5
5096,9
5097,4
5098,12
5099,5
5100,18
5101,11
5102,8
5103,2
5104,2
5105,5
5106,0
5107,10
5108,1
5109,12
5110,1
5111,16
5112,10
5113,8
5114,15
5115,4
5116,15
5117,6
5118,3
5119,8
5120,4
5121,4
5122,7
5123,9
5124,1
5125,6
5126,10
5127,16
5128,4
5129,2
5130,3
5131,1
5132,8
5133,12
5134,10
5135,8
5136,14
5137,12
5138,8
5139,3
5140,14
5141,4
5142,4
5143,5
5144,7
5145,19
5146,3
5147,4
5148,15
5149,2
5150,16
5151,15
5152,13
5153,3
5154,18
5155,4
5156,1
5157,2
5158,3
5159,6
5160,1
5161,11
5162,4
5163,8
5164,1
5165,4
5166,4
5167,10
5168,12
5169,17
5170,0
5171,17
5172,14
5173,11
5174,18
5175,10
5176,4
5177,4
5178,17
5179,5
5180,2
5181,1
5182,13
5183,3
5184,17
5185,17
5186,9
5187,9
5188,12
5189,5
5190,14
5191,1
5192,15
5193,5
5194,3
5195,18
5196,0
5197,17
5198,7
5199,15
5200,0
5201,11
5202,13
5203,10
5204,7
5205,15
5206,18
5207,6
5208,16
5209,2
5210,5
5211,10
5212,2
5213,10
5214,13
5215,11
5216,8
5217,9
5218,11
5219,1
5220,15
5221,16
5222,12
5223,18
5224,16
5225,17
5226,3
5227,17
5228,15
5229,6
5230,16
5231,13
5232,15
5233,7
5234,8
5235,13
5236,7
5237,13
5238,15
5239,12
5240,17
5241,8
5242,17
5243,2
5244,0
5245,8
5246,18
5247,15
5248,2
5249,14
5250,15
5251,15
5252,8
5253,13
5254,0
5255,1
5256,17
5257,14
5258,4
5259,18
5260,16
5261,0
5262,3
5263,18
5264,1
5265,10
5266,15
5267,12
5268,3
5269,3
5270,15
5271,18
5272,15
5273,4
5274,1
5275,7
5276,1
5277,13
5278,2
5279,13
5280,16
5281,12
5282,11
5283,11
5284,1
5285,6
5286,18
5287,16
5288,13
5289,4
5290,8
5291,15
5292,11
5293,10
5294,9
5295,11
5296,9
5297,5
5298,6
5299,9
5300,9
5301,16
5302,12
5303,17
5304,8
5305,15
5306,3
5307,1
5308,3
5309,13
5310,6
5311,10
5312,7
5313,1
5314,17
5315,13
5316,8
5317,18
5318,10
5319,8
5320,16
5321,15
5322,9
5323,10
5324,1
5325,8
5326,16
5327,6
5328,7
5329,7
5330,1
5331,4
5332,3
5333,12
5334,2
5335,3
5336,7
5337,3
5338,13
5339,16
5340,2
5341,18
5342,4
5343,8
5344,4
5345,1
5346,12
5347,5
5348,9
5349,16
5350,18
5351,15
5352,16
5353,16
5354,13
5355,17
5356,3
5357,13
5358,1
5359,10
5360,4
5361,11
5362,13
5363,15
5364,1
5365,12
5366,9
5367,8
5368,9
5369,5
5370,10
5371,5
5372,1
5373,1
5374,5
5375,6
5376,8
5377,16
5378,15
5379,0
5380,16
5381,13
5382,2
5383,5
5384,9
5385,13
5386,7
5387,7
5388,5
5389,18
5390,14
5391,4
5392,7
5393,16
5394,9
5395,4
5396,7
5397,8
5398,9
5399,11
5400,15
5401,14
5402,0
5403,1
5404,1
5405,6
5406,6
5407,13
5408,10
5409,7
5410,2
5411,7
5412,12
5413,12
5414,18
5415,3
5416,8
5417,0
5418,6
5419,13
5420,4
5421,19
5422,1
5423,2
5424,14
5425,1
5426,11
5427,3
5428,19
5429,8
5430,3
5431,0
5432,17
5433,11
5434,17
5435,5
5436,6
5437,4
5438,7
5439,18
5440,4
5441,13
5442,4
5443,8
5444,0
5445,12
5446,14
5447,7
5448,4
5449,5
5450,11
5451,12
5452,15
5453,1
5454,18
5455,0
5456,15
5457,0
5458,3
5459,16
5460,13
5461,12
5462,9
5463,9
5464,8
5465,10
5466,9
5467,3
5468,15
5469,11
5470,5
5471,2
5472,5
5473,16
5474,9
5475,4
5476,2
5477,15
5478,10
5479,16
5480,12
5481,11
5482,0
5483,18
5484,3
5485,0
5486,16
5487,15
5488,9
5489,12
5490,5
5491,8
5492,3
5493,7
5494,4
5495,13
5496,8
5497,8
5498,11
5499,2
5500,7
5501,0
5502,12
5503,11
5504,0
5505,2
5506,7
5507,9
5508,5
5509,1
5510,6
5511,2
5512,6
5513,16
5514,0
5515,7
5516,19
5517,10
5518,9
5519,15
5520,2
5521,11
5522,10
5523,19
5524,17
5525,8
5526,12
5527,5
5528,18
5529,12
5530,1
5531,17
5532,15
5533,3
5534,7
5535,12
5536,4
5537,15
5538,6
5539,11
5540,3
5541,14
5542,4
5543,19
5544,10
5545,8
5546,4
5547,15
5548,8
5549,9
5550,1
5551,5
5552,14
5553,4
5554,6
5555,9
5556,6
5557,12
5558,3
5559,10
5560,1
5561,7
5562,0
5563,15
5564,5
5565,8
5566,1
5567,12
5568,2
5569,18
5570,12
5571,9
5572,16
5573,9
5574,13
5575,16
5576,16
5577,4
5578,15
5579,1
5580,14
5581,13
5582,10
5583,6
5584,14
5585,17
5586,11
5587,9
5588,2
5589,4
5590,0
5591,16
5592,1
5593,17
5594,8
5595,4
5596,9
5597,7
5598,17
5599,6
5600,8
5601,3
5602,14
5603,12
5604,12
5605,6
5606,17
5607,14
5608,2
5609,1
5610,7
5611,5
5612,3
5613,2
5614,2
5615,1
5616,5
5617,13
5618,6
5619,13
5620,7
5621,15
5622,18
5623,8
5624,16
5625,6
5626,1
5627,6
5628,17
5629,16
5630,12
5631,7
5632,7
5633,14
5634,6
5635,4
5636,5
5637,8
5638,11
5639,14
5640,9
5641,17
5642,15
5643,17
5644,15
5645,16
5646,18
5647,15
5648,5
5649,18
5650,8
5651,1
5652,5
5653,7
5654,16
5655,12
5656,13
5657,19
5658,10
5659,8
5660,12
5661,14
5662,11
5663,5
5664,11
5665,4
5666,15
5667,7
5668,4
5669,3
5670,4
5671,13
5672,16
5673,16
5674,11
5675,16
5676,10
5677,14
5678,5
5679,7
5680,11
5681,2
5682,11
5683,17
5684,0
5685,2
5686,16
5687,6
5688,4
5689,3
5690,15
5691,11
5692,4
5693,11
5694,1
5695,18
5696,6
5697,1
5698,16
5699,9
5700,17
5701,2
5702,17
5703,3
5704,15
5705,16
5706,4
5707,15
5708,12
5709,9
5710,2
5711,16
5712,3
5713,0
5714,9
5715,9
5716,0
5717,1
5718,15
5719,10
5720,8
5721,17
5722,12
5723,2
5724,7
5725,7
5726,12
5727,13
5728,9
5729,19
5730,16
5731,15
5732,13
5733,17
5734,9
5735,14
5736,8
5737,6
5738,3
5739,8
5740,11
5741,18
5742,5
5743,16
5744,3
5745,7
5746,4
5747,12
5748,15
5749,7
5750,4
5751,9
5752,13
5753,9
5754,9
5755,19
5756,10
5757,9
5758,3
5759,1
5760,17
5761,7
5762,5
5763,16
5764,6
5765,13
5766,1
5767,15
5768,7
5769,16
5770,3
5771,16
5772,3
5773,3
5774,16
5775,9
5776,18
5777,11
5778,16
5779,17
5780,4
5781,6
5782,15
5783,0
5784,5
5785,17
5786,15
5787,5
5788,17
5789,13
5790,8
5791,13
5792,17
5793,3
5794,1
5795,4
5796,10
5797,7
5798,9
5799,12
5800,1
5801,10
5802,7
5803,11
5804,0
5805,9
5806,4
5807,10
5808,12
5809,1
5810,5
5811,10
5812,1
5813,5
5814,16
5815,6
5816,17
5817,16
5818,15
5819,3
5820,3
5821,15
5822,5
5823,1
5824,11
5825,19
5826,10
5827,12
5828,12
5829,19
5830,18
5831,7
5832,4
5833,14
5834,7
5835,9
5836,3
5837,15
5838,12
5839,5
5840,9
5841,13
5842,2
5843,4
5844,16
5845,10
5846,17
5847,16
5848,3
5849,15
5850,7
5851,12
5852,10
5853,11
5854,4
5855,7
5856,16
5857,14
5858,14
5859,15
5860,1
5861,17
5862,11
5863,5
5864,7
5865,15
5866,4
5867,12
5868,7
5869,12
5870,5
5871,8
5872,6
5873,5
5874,4
5875,18
5876,6
5877,15
5878,1
5879,3
5880,11
5881,9
5882,18
5883,10
5884,1
5885,10
5886,13
5887,8
5888,15
5889,0
5890,15
5891,14
5892,15
5893,6
5894,16
5895,8
5896,18
5897,8
5898,14
5899,6
5900,17
5901,8
5902,5
5903,9
5904,6
5905,7
5906,5
5907,2
5908,3
5909,12
5910,1
5911,17
5912,3
5913,5
5914,14
5915,13
5916,7
5917,10
5918,16
5919,5
5920,13
5921,15
5922,4
5923,17
5924,6
5925,18
5926,7
5927,9
5928,13
5929,14
5930,15
5931,13
5932,3
5933,5
5934,10
5935,9
5936,7
5937,16
5938,2
5939,6
5940,4
5941,13
5942,12
5943,15
5944,18
5945,7
5946,14
5947,18
5948,5
5949,0
5950,9
5951,16
5952,11
5953,13
5954,7
5955,8
5956,2
5957,1
5958,17
5959,11
5960,6
5961,4
5962,4
5963,14
5964,15
5965,17
5966,3
5967,10
5968,3
5969,16
5970,11
5971,18
5972,5
5973,2
5974,8
5975,18
5976,12
5977,12
5978,9
5979,18
5980,1
5981,13
5982,13
5983,12
5984,17
5985,16
5986,6
5987,3
5988,13
5989,13
5990,5
5991,10
5992,18
5993,18
5994,2
5995,16
5996,12
5997,12
5998,18
5999,15
6000,8
6001,13
6002,16
6003,11
6004,17
6005,10
6006,14
6007,13
6008,9
6009,10
6010,14
6011,18
6012,0
6013,4
6014,4
6015,3
6016,3
6017,1
6018,8
6019,2
6020,7
6021,15
6022,8
6023,1
6024,15
6025,18
6026,12
6027,12
6028,16
6029,15
6030,5
6031,10
6032,10
6033,15
6034,11
6035,6
6036,2
6037,2
6038,16
6039,14
6040,17
6041,3
6042,10
6043,4
6044,4
6045,8
6046,0
6047,14
6048,9
6049,6
6050,13
6051,16
6052,13
6053,15
6054,6
6055,10
6056,6
6057,15
6058,1
6059,10
6060,2
6061,8
6062,1
6063,6
6064,15
6065,10
6066,0
6067,9
6068,8
6069,5
6070,7
6071,18
6072,14
6073,2
6074,13
6075,14
6076,12
6077,13
6078,5
6079,4
6080,12
6081,9
6082,1
6083,2
6084,18
6085,2
6086,6
6087,5
6088,5
6089,0
6090,2
6091,9
6092,8
6093,5
6094,11
6095,4
6096,7
6097,9
6098,9
6099,5
6100,13
6101,2
6102,8
6103,7
6104,18
6105,13
6106,6
6107,18
6108,10
6109,17
6110,18
6111,10
6112,9
6113,9
6114,7
6115,18
6116,16
6117,18
6118,16
6119,8
6120,13
6121,9
6122,10
6123,8
6124,1
6125,1
6126,18
6127,17
6128,2
6129,7
6130,0
6131,6
6132,16
6133,5
6134,16
6135,12
6136,7
6137,15
6138,15
6139,9
6140,11
6141,17
6142,14
6143,5
6144,18
6145,11
6146,15
6147,6
6148,2
6149,5
6150,4
6151,12
6152,14
6153,17
6154,9
6155,10
6156,19
6157,11
6158,5
6159,16
6160,9
6161,16
6162,5
6163,4
6164,14
6165,2
6166,11
6167,8
6168,10
6169,14
6170,14
6171,10
6172,1
6173,11
6174,18
6175,10
6176,9
6177,9
6178,15
6179,0
6180,10
6181,8
6182,10
6183,6
6184,16
6185,8
6186,19
6187,1
6188,7
6189,7
6190,9
6191,15
6192,3
6193,14
6194,9
6195,4
6196,18
6197,14
6198,1
6199,15
6200,9
6201,4
6202,13
6203,13
6204,15
6205,9
6206,1
6207,16
6208,8
6209,19
6210,13
6211,11
6212,16
6213,5
6214,16
6215,5
6216,11
6217,17
6218,9
6219,0
6220,13
6221,10
6222,16
6223,1
6224,15
6225,3
6226,6
6227,12
6228,15
6229,16
6230,15
6231,6
6232,15
6233,7
6234,15
6235,16
6236,8
6237,14
6238,3
6239,0
6240,2
6241,2
6242,6
6243,1
6244,2
6245,5
6246,15
6247,4
6248,11
6249,16
6250,11
6251,15
6252,15
6253,1
6254,16
6255,4
6256,18
6257,0
6258,9
6259,16
6260,0
6261,5
6262,1
6263,11
6264,19
6265,0
6266,5
6267,2
6268,0
6269,1
6270,6
6271,17
6272,4
6273,3
6274,2
6275,14
6276,10
6277,18
6278,11
6279,1
6280,7
6281,16
6282,7
6283,10
6284,1
6285,13
6286,3
6287,4
6288,0
6289,10
6290,18
6291,14
6292,3
6293,7
6294,4
6295,1
6296,19
6297,7
6298,8
6299,5
6300,13
6301,2
6302,19
6303,14
6304,4
6305,7
6306,2
6307,2
6308,1
6309,9
6310,17
6311,15
6312,3
6313,15
6314,14
6315,14
6316,7
6317,11
6318,14
6319,1
6320,3
6321,15
6322,14
6323,1
6324,7
6325,11
6326,5
6327,9
6328,0
6329,9
6330,15
6331,15
6332,7
6333,12
6334,11
6335,8
6336,9
6337,8
6338,10
6339,7
6340,9
6341,19
6342,3
6343,18
6344,14
6345,16
6346,6
6347,7
6348,15
6349,14
6350,1
6351,18
6352,8
6353,5
6354,14
6355,11
6356,5
6357,19
6358,7
6359,12
6360,12
6361,0
6362,9
6363,6
6364,0
6365,6
6366,4
6367,15
6368,14
6369,19
6370,6
6371,6
6372,9
6373,9
6374,1
6375,17
6376,5
6377,15
6378,9
6379,4
6380,13
6381,3
6382,3
6383,15
6384,10
6385,4
6386,17
6387,8
6388,9
6389,12
6390,12
6391,8
6392,14
6393,6
6394,3
6395,4
6396,7
6397,4
6398,17
6399,4
6400,14
6401,9
6402,8
6403,12
6404,11
6405,8
6406,7
6407,10
6408,5
6409,18
6410,2
6411,3
6412,16
6413,2
6414,18
6415,10
6416,7
6417,8
6418,5
6419,8
6420,19
6421,18
6422,0
6423,0
6424,5
6425,11
6426,6
6427,0
6428,4
6429,7
6430,5
6431,10
6432,17
6433,10
6434,3
6435,4
6436,14
6437,14
6438,2
6439,12
6440,17
6441,13
6442,7
6443,3
6444,4
6445,5
6446,11
6447,6
6448,2
6449,4
6450,10
6451,15
6452,17
6453,16
6454,16
6455,11
6456,4
6457,8
6458,4
6459,15
6460,10
6461,9
6462,6
6463,17
6464,7
6465,16
6466,2
6467,14
6468,13
6469,5
6470,12
6471,11
6472,18
6473,13
6474,10
6475,9
6476,5
6477,17
6478,6
6479,5
6480,1
6481,3
6482,16
6483,9
6484,6
6485,12
6486,16
6487,7
6488,11
6489,19
6490,12
6491,1
6492,5
6493,6
6494,3
6495,18
6496,16
6497,1
6498,11
6499,3
6500,3
6501,16
6502,7
6503,12
6504,2
6505,18
6506,6
6507,10
6508,10
6509,19
6510,4
6511,9
6512,9
6513,6
6514,0
6515,12
6516,15
6517,17
6518,10
6519,18
6520,17
6521,10
6522,15
6523,4
6524,17
6525,11
6526,15
6527,8
6528,8
6529,6
6530,4
6531,9
6532,16
6533,10
6534,9
6535,10
6536,2
6537,2
6538,16
6539,11
6540,13
6541,15
6542,0
6543,7
6544,18
6545,1
6546,12
6547,4
6548,4
6549,16
6550,6
6551,2
6552,6
6553,5
6554,15
6555,4
6556,18
6557,17
6558,14
6559,12
6560,15
6561,5
6562,15
6563,7
6564,2
6565,12
6566,6
6567,15
6568,9
6569,11
6570,12
6571,19
6572,8
6573,3
6574,7
6575,13
6576,1
6577,8
6578,9
6579,1
6580,4
6581,14
6582,7
6583,5
6584,11
6585,3
6586,3
6587,12
6588,13
6589,7
6590,1
6591,10
6592,12
6593,0
6594,12
6595,15
6596,8
6597,0
6598,17
6599,7
6600,3
6601,8
6602,11
6603,11
6604,3
6605,6
6606,17
6607,7
6608,4
6609,1
6610,7
6611,2
6612,13
6613,3
6614,17
6615,12
6616,9
6617,16
6618,8
6619,2
6620,8
6621,2
6622,1
6623,1
6624,3
6625,12
6626,1
6627,8
6628,1
6629,6
6630,6
6631,11
6632,15
6633,10
6634,2
6635,0
6636,16
6637,15
6638,1
6639,11
6640,13
6641,12
6642,12
6643,7
6644,13
6645,0
6646,18
6647,9
6648,16
6649,6
6650,13
6651,9
6652,5
6653,12
6654,5
6655,12
6656,2
6657,2
6658,14
6659,7
6660,10
6661,7
6662,19
6663,17
6664,17
6665,9
6666,5
6667,1
6668,6
6669,15
6670,7
6671,11
6672,10
6673,13
6674,2
6675,16
6676,4
6677,11
6678,6
6679,3
6680,10
6681,16
6682,17
6683,1
6684,18
6685,7
6686,0
6687,4
6688,6
6689,15
6690,14
6691,14
6692,5
6693,15
6694,10
6695,1
6696,8
6697,13
6698,3
6699,7
6700,10
6701,8
6702,12
6703,16
6704,7
6705,1
6706,1
6707,9
6708,0
6709,4
6710,0
6711,9
6712,15
6713,6
6714,5
6715,0
6716,13
6717,4
6718,5
6719,1
6720,3
6721,3
6722,16
6723,15
6724,7
6725,15
6726,17
6727,18
6728,4
6729,14
6730,1
6731,6
6732,3
6733,17
6734,16
6735,13
6736,4
6737,11
6738,9
6739,13
6740,5
6741,1
6742,9
6743,14
6744,14
6745,2
6746,15
6747,11
6748,9
6749,18
6750,16
6751,4
6752,6
6753,13
6754,15
6755,12
6756,7
6757,11
6758,6
6759,8
6760,0
6761,1
6762,4
6763,13
6764,16
6765,1
6766,17
6767,13
6768,16
6769,2
6770,3
6771,10
6772,17
6773,3
6774,18
6775,6
6776,2
6777,13
6778,7
6779,5
6780,6
6781,4
6782,8
6783,16
6784,6
6785,12
6786,1
6787,10
6788,4
6789,7
6790,19
6791,15
6792,6
6793,8
6794,3
6795,13
6796,11
6797,9
6798,15
6799,13
6800,7
6801,4
6802,7
6803,10
6804,4
6805,10
6806,10
6807,15
6808,15
6809,16
6810,9
6811,2
6812,1
6813,2
6814,9
6815,3
6816,11
6817,12
6818,4
6819,5
6820,17
6821,16
6822,11
6823,2
6824,15
6825,9
6826,10
6827,19
6828,5
6829,1
6830,8
6831,6
6832,7
6833,10
6834,14
6835,11
6836,12
6837,14
6838,17
6839,7
6840,9
6841,8
6842,12
6843,11
6844,4
6845,5
6846,11
6847,16
6848,1
6849,12
6850,11
6851,2
6852,17
6853,18
6854,16
6855,13
6856,15
6857,7
6858,18
6859,10
6860,1
6861,6
6862,14
6863,7
6864,6
6865,13
6866,11
6867,6
6868,15
6869,0
6870,3
6871,15
6872,13
6873,3
6874,12
6875,7
6876,17
6877,14
6878,5
6879,7
6880,4
6881,15
6882,12
6883,7
6884,7
6885,1
6886,1
6887,17
6888,11
6889,3
6890,15
6891,10
6892,17
6893,5
6894,1
6895,13
6896,14
6897,5
6898,12
6899,15
6900,8
6901,18
6902,1
6903,16
6904,8
6905,15
6906,16
6907,8
6908,3
6909,6
6910,8
6911,11
6912,6
6913,15
6914,1
6915,4
6916,10
6917,16
6918,7
6919,9
6920,17
6921,5
6922,16
6923,0
6924,10
6925,3
6926,2
6927,2
6928,8
6929,17
6930,8
6931,8
6932,1
6933,14
6934,4
6935,0
6936,17
6937,5
6938,14
6939,2
6940,1
6941,5
6942,13
6943,7
6944,0
6945,4
6946,17
6947,10
6948,11
6949,7
6950,8
6951,15
6952,9
6953,7
6954,15
6955,17
6956,17
6957,9
6958,14
6959,15
6960,5
6961,2
6962,1
6963,8
6964,8
6965,17
6966,10
6967,12
6968,3
6969,18
6970,11
6971,7
6972,15
6973,7
6974,7
6975,1
6976,0
6977,18
6978,4
6979,13
6980,11
6981,5
6982,6
6983,4
6984,16
6985,3
6986,15
6987,16
6988,7
6989,16
6990,14
6991,14
6992,2
6993,10
6994,4
6995,6
6996,7
6997,17
6998,7
6999,4
7000,5
7001,12
7002,4
7003,12
7004,9
7005,1
7006,4
7007,12
7008,4
7009,1
7010,13
7011,6
7012,15
7013,15
7014,4
7015,13
7016,3
7017,3
7018,8
7019,15
7020,11
7021,7
7022,16
7023,18
7024,14
7025,11
7026,4
7027,17
7028,0
7029,17
7030,4
7031,1
7032,17
7033,13
7034,2
7035,17
7036,15
7037,14
7038,8
7039,15
7040,10
7041,4
7042,15
7043,15
7044,17
7045,1
7046,0
7047,3
7048,15
7049,14
7050,15
7051,9
7052,11
7053,5
7054,6
7055,4
7056,5
7057,5
7058,6
7059,13
7060,1
7061,12
7062,7
7063,9
7064,18
7065,3
7066,10
7067,16
7068,14
7069,12
7070,2
7071,13
7072,8
7073,15
7074,17
7075,3
7076,16
7077,8
7078,19
7079,15
7080,0
7081,17
7082,11
7083,11
7084,18
7085,8
7086,8
7087,0
7088,16
7089,9
7090,18
7091,11
7092,5
7093,5
7094,11
7095,14
7096,4
7097,0
7098,9
7099,8
7100,11
7101,13
7102,13
7103,10
7104,9
7105,7
7106,9
7107,7
7108,15
7109,15
7110,5
7111,16
7112,0
7113,9
7114,15
7115,7
7116,7
7117,2
7118,14
7119,19
7120,10
7121,8
7122,2
7123,9
7124,9
7125,3
7126,3
7127,15
7128,6
7129,9
7130,4
7131,8
7132,13
7133,12
7134,17
7135,12
7136,16
7137,5
7138,17
7139,5
7140,15
7141,13
7142,9
7143,11
7144,13
7145,11
7146,15
7147,1
7148,17
7149,14
7150,17
7151,11
7152,13
7153,4
7154,15
7155,19
7156,0
7157,7
7158,18
7159,13
7160,2
7161,3
7162,10
7163,7
7164,18
7165,1
7166,13
7167,4
7168,4
7169,11
7170,1
7171,7
7172,6
7173,13
7174,3
7175,3
7176,4
7177,5
7178,12
7179,8
7180,9
7181,7
7182,9
7183,16
7184,19
7185,13
7186,5
7187,9
7188,13
7189,15
7190,7
7191,5
7192,6
7193,13
7194,15
7195,5
7196,5
7197,3
7198,6
7199,6
7200,7
7201,6
7202,7
7203,15
7204,16
7205,2
7206,8
7207,6
7208,11
7209,18
7210,17
7211,8
7212,14
7213,9
7214,2
7215,1
7216,18
7217,5
7218,13
7219,15
7220,16
7221,14
7222,12
7223,9
7224,3
7225,12
7226,12
7227,3
7228,13
7229,18
7230,3
7231,7
7232,13
7233,14
7234,3
7235,1
7236,7
7237,5
7238,6
7239,8
7240,4
7241,3
7242,11
7243,2
7244,4
7245,11
7246,7
7247,16
7248,5
7249,1
7250,15
7251,12
7252,6
7253,2
7254,3
7255,10
7256,0
7257,8
7258,6
7259,6
7260,0
7261,14
7262,7
7263,17
7264,8
7265,4
7266,5
7267,0
7268,15
7269,9
7270,8
7271,3
7272,13
7273,4
7274,17
7275,19
7276,5
7277,16
7278,13
7279,4
7280,14
7281,14
7282,5
7283,14
7284,16
7285,8
7286,8
7287,6
7288,3
7289,7
7290,9
7291,9
7292,18
7293,8
7294,14
7295,1
7296,3
7297,12
7298,10
7299,1
7300,1
7301,1
7302,9
7303,9
7304,2
7305,7
7306,17
7307,12
7308,15
7309,11
7310,14
7311,13
7312,5
7313,5
7314,12
7315,3
7316,6
7317,6
7318,18
7319,15
7320,4
7321,15
7322,14
7323,4
7324,6
7325,11
7326,5
7327,4
7328,6
7329,7
7330,7
7331,3
7332,4
7333,12
7334,12
7335,13
7336,8
7337,2
7338,18
7339,6
7340,6
7341,5
7342,15
7343,10
7344,9
7345,10
7346,3
7347,1
7348,13
7349,0
7350,4
7351,8
7352,11
7353,10
7354,4
7355,2
7356,8
7357,6
7358,6
7359,1
7360,12
7361,8
7362,13
7363,16
7364,16
7365,15
7366,6
7367,14
7368,9
7369,15
7370,5
7371,15
7372,16
7373,7
7374,16
7375,0
7376,15
7377,10
7378,1
7379,7
7380,8
7381,15
7382,5
7383,18
7384,13
7385,16
7386,1
7387,4
7388,13
7389,12
7390,6
7391,8
7392,5
7393,12
7394,17
7395,17
7396,14
7397,17
7398,15
7399,11
7400,16
7401,18
7402,14
7403,12
7404,4
7405,19
7406,15
7407,18
7408,18
7409,5
7410,5
7411,2
7412,4
7413,2
7414,19
7415,9
7416,7
7417,0
7418,0
7419,4
7420,17
7421,0
7422,10
7423,6
7424,16
7425,19
7426,10
7427,17
7428,14
7429,12
7430,15
7431,14
7432,17
7433,0
7434,16
7435,11
7436,5
7437,15
7438,6
7439,12
7440,3
7441,3
7442,11
7443,13
7444,12
7445,11
7446,17
7447,10
7448,0
7449,9
7450,8
7451,15
7452,6
7453,4
7454,6
7455,6
7456,10
7457,9
7458,1
7459,11
7460,7
7461,7
7462,7
7463,0
7464,12
7465,16
7466,11
7467,9
7468,4
7469,9
7470,3
7471,10
7472,6
7473,13
7474,7
7475,8
7476,11
7477,1
7478,4
7479,7
7480,16
7481,3
7482,6
7483,4
7484,4
7485,2
7486,18
7487,16
7488,5
7489,12
7490,1
7491,8
7492,10
7493,12
7494,10
7495,17
7496,17
7497,15
7498,16
7499,9
7500,7
7501,8
7502,18
7503,1
7504,9
7505,8
7506,11
7507,11
7508,9
7509,5
7510,15
7511,1
7512,18
7513,9
7514,10
7515,6
7516,5
7517,19
7518,6
7519,7
7520,12
7521,6
7522,4
7523,6
7524,0
7525,4
7526,9
7527,12
7528,11
7529,4
7530,19
7531,12
7532,7
7533,4
7534,4
7535,7
7536,15
7537,11
7538,16
7539,17
7540,3
7541,9
7542,0
7543,14
7544,4
7545,10
7546,0
7547,8
7548,15
7549,1
7550,17
7551,8
7552,17
7553,13
7554,11
7555,12
7556,2
7557,6
7558,14
7559,11
7560,13
7561,8
7562,3
7563,0
7564,7
7565,15
7566,11
7567,17
7568,16
7569,16
7570,3
7571,19
7572,6
7573,17
7574,15
7575,18
7576,1
7577,9
7578,15
7579,2
7580,11
7581,13
7582,6
7583,16
7584,13
7585,16
7586,8
7587,14
7588,3
7589,16
7590,8
7591,18
7592,15
7593,8
7594,15
7595,17
7596,8
7597,4
7598,9
7599,3
7600,12
7601,15
7602,14
7603,4
7604,1
7605,14
7606,4
7607,11
7608,7
7609,0
7610,9
7611,17
7612,16
7613,9
7614,10
7615,11
7616,4
7617,0
7618,10
7619,17
7620,5
7621,18
7622,13
7623,3
7624,10
7625,2
7626,13
7627,2
7628,5
7629,16
7630,6
7631,14
7632,1
7633,7
7634,14
7635,17
7636,9
7637,3
7638,16
7639,14
7640,2
7641,16
7642,15
7643,8
7644,11
7645,8
7646,2
7647,15
7648,10
7649,15
7650,8
7651,11
7652,12
7653,1
7654,9
7655,10
7656,2
7657,3
7658,0
7659,16
7660,6
7661,2
7662,11
7663,7
7664,11
7665,5
7666,15
7667,10
7668,3
7669,5
7670,1
7671,16
7672,8
7673,7
7674,1
7675,6
7676,1
7677,2
7678,16
7679,4
7680,15
7681,4
7682,7
7683,11
7684,2
7685,7
7686,10
7687,3
7688,3
7689,11
7690,14
7691,14
7692,8
7693,18
7694,12
7695,9
7696,11
7697,15
7698,6
7699,4
7700,5
7701,8
7702,3
7703,14
7704,7
7705,9
7706,16
7707,13
7708,0
7709,5
7710,5
7711,1
7712,9
7713,18
7714,16
7715,13
7716,9
7717,15
7718,8
7719,12
7720,6
7721,14
7722,13
7723,6
7724,2
7725,0
7726,15
7727,15
7728,2
7729,4
7730,16
7731,8
7732,9
7733,4
7734,14
7735,6
7736,15
7737,10
7738,13
7739,16
7740,4
7741,16
7742,9
7743,5
7744,6
7745,11
7746,2
7747,17
7748,1
7749,3
7750,9
7751,10
7752,16
7753,3
7754,9
7755,6
7756,4
7757,7
7758,2
7759,5
7760,3
7761,15
7762,6
7763,15
7764,18
7765,5
7766,15
7767,15
7768,17
7769,7
7770,2
7771,18
7772,0
7773,10
7774,6
7775,16
7776,13
7777,11
7778,6
7779,17
7780,13
7781,5
7782,15
7783,15
7784,15
7785,11
7786,12
7787,0
7788,8
7789,16
7790,7
7791,13
7792,10
7793,3
7794,6
7795,4
7796,16
7797,11
7798,15
7799,9
7800,3
7801,17
7802,17
7803,9
7804,11
7805,9
7806,12
7807,5
7808,19
7809,10
7810,2
7811,7
7812,17
7813,11
7814,13
7815,6
7816,18
7817,1
7818,9
7819,10
7820,4
7821,16
7822,18
7823,15
7824,1
7825,18
7826,13
7827,1
7828,15
7829,6
7830,9
7831,7
7832,10
7833,17
7834,15
7835,15
7836,4
7837,16
7838,4
7839,13
7840,19
7841,4
7842,5
7843,5
7844,3
7845,0
7846,7
7847,8
7848,1
7849,13
7850,0
7851,17
7852,6
7853,15
7854,4
7855,8
7856,12
7857,15
7858,9
7859,6
7860,2
7861,10
7862,16
7863,2
7864,7
7865,6
7866,2
7867,14
7868,2
7869,13
7870,2
7871,15
7872,17
7873,18
7874,7
7875,10
7876,5
7877,15
7878,10
7879,10
7880,7
7881,7
7882,5
7883,14
7884,15
7885,10
7886,11
7887,4
7888,7
7889,5
7890,0
7891,16
7892,7
7893,15
7894,17
7895,7
7896,11
7897,7
7898,6
7899,16
7900,0
7901,0
7902,16
7903,3
7904,4
7905,6
7906,12
7907,3
7908,5
7909,10
7910,10
7911,14
7912,7
7913,18
7914,19
7915,9
7916,13
7917,9
7918,0
7919,14
7920,5
7921,7
7922,8
7923,18
7924,10
7925,14
7926,7
7927,5
7928,2
7929,17
7930,4
7931,15
7932,14
7933,3
7934,11
7935,19
7936,5
7937,15
7938,6
7939,11
7940,10
7941,13
7942,13
7943,0
7944,4
7945,3
7946,9
7947,1
7948,1
7949,17
7950,15
7951,14
7952,4
7953,8
7954,17
7955,16
7956,6
7957,3
7958,3
7959,5
7960,6
7961,19
7962,1
7963,15
7964,15
7965,12
7966,10
7967,12
7968,17
7969,6
7970,1
7971,12
7972,3
7973,10
7974,16
7975,11
7976,8
7977,9
7978,15
7979,13
7980,5
7981,0
7982,10
7983,12
7984,7
7985,6
7986,11
7987,1
7988,16
7989,17
7990,4
7991,12
7992,14
7993,6
7994,7
7995,6
7996,15
7997,15
7998,15
7999,15
8000,0
8001,3
8002,17
8003,14
8004,9
8005,8
8006,6
8007,12
8008,5
8009,12
8010,8
8011,17
8012,8
8013,14
8014,15
8015,17
8016,5
8017,14
8018,10
8019,4
8020,8
8021,4
8022,1
8023,1
8024,18
8025,5
8026,2
8027,3
8028,15
8029,7
8030,13
8031,14
8032,15
8033,3
8034,12
8035,15
8036,11
8037,6
8038,15
8039,15
8040,6
8041,2
8042,10
8043,17
8044,12
8045,11
8046,14
8047,18
8048,7
8049,18
8050,15
8051,2
8052,13
8053,4
8054,8
8055,8
8056,3
8057,17
8058,14
8059,10
8060,6
8061,4
8062,18
8063,15
8064,3
8065,11
8066,8
8067,1
8068,15
8069,2
8070,3
8071,7
8072,10
8073,12
8074,7
8075,14
8076,18
8077,9
8078,1
8079,14
8080,15
8081,11
8082,2
8083,17
8084,6
8085,4
8086,3
8087,12
8088,13
8089,14
8090,12
8091,17
8092,12
8093,7
8094,15
8095,6
8096,16
8097,2
8098,13
8099,17
8100,8
8101,18
8102,14
8103,15
8104,9
8105,18
8106,8
8107,18
8108,14
8109,5
8110,4
8111,13
8112,12
8113,8
8114,14
8115,15
8116,0
8117,5
8118,4
8119,7
8120,9
8121,5
8122,16
8123,4
8124,14
8125,11
8126,13
8127,17
8128,8
8129,5
8130,18
8131,11
8132,0
8133,14
8134,0
8135,13
8136,2
8137,16
8138,2
8139,7
8140,8
8141,11
8142,15
8143,3
8144,12
8145,7
8146,3
8147,3
8148,0
8149,14
8150,7
8151,18
8152,9
8153,9
8154,6
8155,14
8156,7
8157,7
8158,3
8159,10
8160,11
8161,7
8162,7
8163,19
8164,6
8165,1
8166,12
8167,6
8168,8
8169,9
8170,3
8171,3
8172,3
8173,8
8174,13
8175,6
8176,10
8177,12
8178,15
8179,2
8180,6
8181,12
8182,4
8183,0
8184,14
8185,17
8186,12
8187,1
8188,15
8189,2
8190,15
8191,2
8192,11
8193,17
8194,13
8195,9
8196,8
8197,7
8198,15
8199,9
8200,8
8201,6
8202,16
8203,12
8204,6
8205,18
8206,17
8207,12
8208,4
8209,8
8210,3
8211,16
8212,17
8213,14
8214,3
8215,7
8216,5
8217,16
8218,7
8219,18
8220,18
8221,9
8222,19
8223,11
8224,15
8225,3
8226,6
8227,2
8228,4
8229,13
8230,4
8231,4
8232,11
8233,8
8234,1
8235,3
8236,13
8237,7
8238,19
8239,18
8240,5
8241,12
8242,0
8243,10
8244,8
8245,6
8246,19
8247,7
8248,6
8249,14
8250,9
8251,17
8252,11
8253,7
8254,18
8255,14
8256,5
8257,3
8258,11
8259,18
8260,8
8261,0
8262,15
8263,12
8264,9
8265,1
8266,3
8267,13
8268,11
8269,7
8270,15
8271,15
8272,9
8273,12
8274,15
8275,4
8276,1
8277,10
8278,15
8279,2
8280,6
8281,4
8282,4
8283,16
8284,12
8285,13
8286,1
8287,5
8288,13
8289,0
8290,8
8291,17
8292,3
8293,3
8294,0
8295,6
8296,17
8297,6
8298,2
8299,15
8300,8
8301,9
8302,3
8303,2
8304,12
8305,6
8306,15
8307,1
8308,7
8309,10
8310,9
8311,5
8312,10
8313,14
8314,8
8315,10
8316,6
8317,9
8318,10
8319,2
8320,16
8321,19
8322,9
8323,4
8324,6
8325,17
8326,7
8327,1
8328,9
8329,10
8330,10
8331,10
8332,13
8333,17
8334,15
8335,10
8336,15
8337,11
8338,2
8339,15
8340,12
8341,5
8342,2
8343,11
8344,10
8345,1
8346,12
8347,1
8348,1
8349,7
8350,8
8351,17
8352,16
8353,13
8354,7
8355,7
8356,13
8357,18
8358,14
8359,12
8360,18
8361,4
8362,9
8363,15
8364,5
8365,2
8366,12
8367,0
8368,15
8369,0
8370,17
8371,0
8372,3
8373,15
8374,4
8375,13
8376,14
8377,14
8378,15
8379,11
8380,19
8381,2
8382,14
8383,3
8384,6
8385,16
8386,15
8387,4
8388,15
8389,1
8390,12
8391,1
8392,0
8393,10
8394,16
8395,2
8396,2
8397,14
8398,18
8399,11
8400,12
8401,13
8402,14
8403,7
8404,14
8405,3
8406,13
8407,13
8408,8
8409,17
8410,16
8411,3
8412,5
8413,11
8414,15
8415,2
8416,14
8417,9
8418,15
8419,14
8420,11
8421,4
8422,13
8423,5
8424,9
8425,12
8426,7
8427,0
8428,14
8429,11
8430,4
8431,18
8432,1
8433,11
8434,17
8435,7
8436,4
8437,12
8438,12
8439,13
8440,12
8441,7
8442,5
8443,15
8444,17
8445,6
8446,5
8447,1
8448,7
8449,15
8450,1
8451,6
8452,0
8453,8
8454,3
8455,3
8456,6
8457,10
8458,8
8459,7
8460,18
8461,14
8462,18
8463,15
8464,4
8465,14
8466,4
8467,16
8468,5
8469,12
8470,10
8471,18
8472,1
8473,2
8474,1
8475,3
8476,6
8477,6
8478,8
8479,4
8480,18
8481,13
8482,7
8483,11
8484,3
8485,10
8486,13
8487,18
8488,6
8489,16
8490,7
8491,7
8492,16
8493,16
8494,5
8495,15
8496,14
8497,5
8498,7
8499,1
8500,2
8501,6
8502,2
8503,4
8504,5
8505,12
8506,19
8507,13
8508,7
8509,13
8510,5
8511,11
8512,5
8513,4
8514,11
8515,16
8516,18
8517,6
8518,2
8519,3
8520,0
8521,7
8522,13
8523,1
8524,2
8525,12
8526,14
8527,4
8528,13
8529,15
8530,18
8531,5
8532,5
8533,12
8534,15
8535,8
8536,8
8537,2
8538,5
8539,3
8540,16
8541,4
8542,6
8543,15
8544,18
8545,15
8546,8
8547,15
8548,10
8549,17
8550,12
8551,6
8552,1
8553,0
8554,8
8555,1
8556,3
8557,11
8558,14
8559,5
8560,18
8561,6
8562,10
8563,9
8564,15
8565,17
8566,6
8567,6
8568,14
8569,10
8570,15
8571,13
8572,2
8573,1
8574,0
8575,7
8576,3
8577,1
8578,18
8579,4
8580,16
8581,5
8582,4
8583,15
8584,3
8585,3
8586,13
8587,0
8588,9
8589,17
8590,8
8591,17
8592,15
8593,12
8594,15
8595,13
8596,5
8597,2
8598,6
8599,14
8600,6
8601,14
8602,18
8603,10
8604,13
8605,10
8606,5
8607,11
8608,8
8609,11
8610,13
8611,18
8612,10
8613,8
8614,13
8615,0
8616,9
8617,11
8618,9
8619,1
8620,17
8621,17
8622,10
8623,3
8624,3
8625,0
8626,11
8627,5
8628,7
8629,13
8630,6
8631,12
8632,13
8633,1
8634,9
8635,8
8636,7
8637,9
8638,3
8639,10
8640,4
8641,9
8642,11
8643,4
8644,18
8645,6
8646,8
8647,3
8648,9
8649,14
8650,0
8651,7
8652,1
8653,18
8654,7
8655,1
8656,6
8657,8
8658,6
8659,5
8660,14
8661,9
8662,10
8663,7
8664,4
8665,15
8666,19
8667,2
8668,9
8669,13
8670,7
8671,4
8672,2
8673,15
8674,3
8675,14
8676,1
8677,10
8678,15
8679,7
8680,15
8681,18
8682,7
8683,13
8684,15
8685,10
8686,6
8687,5
8688,13
8689,14
8690,3
8691,15
8692,6
8693,8
8694,8
8695,2
8696,9
8697,7
8698,16
8699,13
8700,11
8701,6
8702,4
8703,7
8704,17
8705,7
8706,3
8707,19
8708,6
8709,5
8710,18
8711,3
8712,1
8713,5
8714,8
8715,7
8716,2
8717,12
8718,8
8719,2
8720,8
8721,6
8722,7
8723,12
8724,16
8725,7
8726,15
8727,11
8728,19
8729,15
8730,17
8731,14
8732,8
8733,3
8734,6
8735,3
8736,3
8737,15
8738,7
8739,17
8740,5
8741,1
8742,12
8743,2
8744,6
8745,12
8746,13
8747,7
8748,18
8749,1
8750,2
8751,15
8752,10
8753,8
8754,12
8755,2
8756,4
8757,1
8758,7
8759,9
8760,0
8761,6
8762,17
8763,16
8764,5
8765,0
8766,2
8767,16
8768,6
8769,5
8770,15
8771,16
8772,19
8773,19
8774,16
8775,10
8776,6
8777,15
8778,11
8779,17
8780,2
8781,16
8782,11
8783,14
8784,7
8785,1
8786,1
8787,16
8788,10
8789,4
8790,16
8791,4
8792,10
8793,4
8794,8
8795,17
8796,7
8797,18
8798,17
8799,14
8800,10
8801,3
8802,18
8803,13
8804,1
8805,9
8806,2
8807,7
8808,4
8809,13
8810,11
8811,8
8812,9
8813,0
8814,2
8815,17
8816,3
8817,19
8818,15
8819,6
8820,7
8821,3
8822,7
8823,15
8824,16
8825,16
8826,7
8827,15
8828,16
8829,1
8830,16
8831,16
8832,2
8833,4
8834,10
8835,13
8836,3
8837,2
8838,2
8839,14
8840,6
8841,1
8842,9
8843,3
8844,15
8845,16
8846,3
8847,7
8848,16
8849,6
8850,13
8851,6
8852,16
8853,5
8854,16
8855,4
8856,13
8857,3
8858,14
8859,8
8860,14
8861,9
8862,7
8863,0
8864,13
8865,17
8866,8
8867,13
8868,2
8869,0
8870,14
8871,5
8872,3
8873,13
8874,5
8875,13
8876,15
8877,8
8878,3
8879,14
8880,15
8881,14
8882,16
8883,3
8884,6
8885,15
8886,14
8887,7
8888,14
8889,8
8890,13
8891,12
8892,4
8893,12
8894,5
8895,11
8896,18
8897,9
8898,0
8899,14
8900,6
8901,15
8902,7
8903,18
8904,3
8905,9
8906,8
8907,17
8908,12
8909,14
8910,17
8911,4
8912,1
8913,5
8914,5
8915,13
8916,8
8917,11
8918,6
8919,4
8920,6
8921,1
8922,14
8923,0
8924,1
8925,9
8926,16
8927,12
8928,7
8929,1
8930,10
8931,1
8932,8
8933,7
8934,18
8935,17
8936,13
8937,16
8938,12
8939,17
8940,15
8941,13
8942,17
8943,9
8944,0
8945,8
8946,15
8947,12
8948,5
8949,3
8950,6
8951,3
8952,11
8953,5
8954,11
8955,8
8956,8
8957,10
8958,12
8959,1
8960,8
8961,12
8962,14
8963,6
8964,5
8965,15
8966,3
8967,9
8968,2
8969,15
8970,8
8971,10
8972,7
8973,8
8974,6
8975,16
8976,10
8977,15
8978,16
8979,2
8980,12
8981,3
8982,15
8983,14
8984,13
8985,11
8986,10
8987,16
8988,17
8989,3
8990,3
8991,4
8992,6
8993,14
8994,4
8995,10
8996,17
8997,18
8998,9
8999,5
9000,4
9001,4
9002,3
9003,9
9004,8
9005,8
9006,18
9007,15
9008,12
9009,7
9010,2
9011,9
9012,10
9013,18
9014,15
9015,7
9016,3
9017,18
9018,14
9019,4
9020,9
9021,6
9022,4
9023,7
9024,9
9025,7
9026,10
9027,7
9028,11
9029,10
9030,4
9031,6
9032,18
9033,1
9034,7
9035,1
9036,13
9037,18
9038,9
9039,16
9040,2
9041,3
9042,13
9043,0
9044,7
9045,11
9046,12
9047,16
9048,16
9049,6
9050,2
9051,12
9052,14
9053,7
9054,16
9055,1
9056,2
9057,14
9058,17
9059,13
9060,7
9061,5
9062,5
9063,15
9064,11
9065,8
9066,6
9067,4
9068,0
9069,12
9070,1
9071,8
9072,15
9073,11
9074,14
9075,12
9076,8
9077,4
9078,6
9079,1
9080,8
9081,15
9082,16
9083,4
9084,19
9085,11
9086,13
9087,16
9088,2
9089,19
9090,5
9091,18
9092,18
9093,15
9094,18
9095,2
9096,17
9097,1
9098,12
9099,14
9100,9
9101,9
9102,9
9103,15
9104,7
9105,19
9106,10
9107,8
9108,13
9109,5
9110,12
9111,2
9112,1
9113,12
9114,8
9115,0
9116,0
9117,6
9118,3
9119,4
9120,11
9121,17
9122,10
9123,12
9124,9
9125,14
9126,18
9127,18
9128,13
9129,16
9130,2
9131,4
9132,12
9133,7
9134,6
9135,11
9136,14
9137,4
9138,0
9139,12
9140,15
9141,11
9142,13
9143,16
9144,15
9145,9
9146,12
9147,13
9148,0
9149,15
9150,3
9151,15
9152,10
9153,3
9154,7
9155,1
9156,7
9157,18
9158,13
9159,1
9160,1
9161,4
9162,6
9163,4
9164,9
9165,17
9166,14
9167,14
9168,16
9169,17
9170,4
9171,15
9172,15
9173,12
9174,5
9175,12
9176,10
9177,8
9178,17
9179,8
9180,8
9181,18
9182,1
9183,13
9184,11
9185,7
9186,16
9187,4
9188,14
9189,10
9190,7
9191,15
9192,10
9193,16
9194,9
9195,11
9196,10
9197,8
9198,7
9199,11
9200,11
9201,10
9202,9
9203,8
9204,5
9205,1
9206,1
9207,10
9208,15
9209,7
9210,14
9211,18
9212,7
9213,13
9214,8
9215,6
9216,4
9217,1
9218,2
9219,7
9220,10
9221,15
9222,15
9223,2
9224,7
9225,9
9226,11
9227,8
9228,16
9229,6
9230,17
9231,4
9232,16
